Make,Model,Vehicle Class,Engine Size(L),Cylinders,Transmission,Fuel Type,Fuel Consumption City (L/100 km),Fuel Consumption Hwy (L/100 km),Fuel Consumption Comb (L/100 km),Fuel Consumption Comb (mpg),CO2 Emissions(g/km)
Mercedes-Benz,Mercedes-Benz MINIVAN 3.5L,MINIVAN,3.5,6,AV,X,15.0,9.6,13.2,21,308
Porsche,Porsche STATION 3.5L,STATION WAGON - SMALL,3.5,6,A8,X,14.4,6.6,11.8,24,277
Volkswagen,Volkswagen MID-SIZE 2.4L,MID-SIZE,2.4,4,AS8,Z,11.6,4.7,9.3,30,222
Nissan,Nissan VAN 3.6L,VAN - PASSENGER,3.6,6,AM7,Z,14.4,9.0,12.6,22,303
Chevrolet,Chevrolet SUV 2.7L,SUV - STANDARD,2.7,6,A8,E,17.5,7.6,14.2,20,240
Chevrolet,Chevrolet SUV 5.0L,SUV - STANDARD,5.0,8,AM7,X,18.9,10.2,16.0,18,371
Ford,Ford TWO-SEATER 2.5L,TWO-SEATER,2.5,4,M6,E,14.4,10.5,13.1,22,211
Dodge,Dodge SUV 3.5L,SUV - SMALL,3.5,6,AS8,Z,14.4,8.1,12.3,23,288
Nissan,Nissan FULL-SIZE 3.0L,FULL-SIZE,3.0,6,A8,X,13.1,7.4,11.2,25,267
Volkswagen,Volkswagen SUBCOMPACT 3.6L,SUBCOMPACT,3.6,6,A8,X,16.2,10.2,14.2,20,332
Ford,Ford SUV 2.7L,SUV - STANDARD,2.7,6,AV,D,10.0,7.0,9.0,31,243
Ram,Ram SUV 6.2L,SUV - STANDARD,6.2,8,AS6,X,20.8,12.7,18.1,16,425
GMC,GMC PICKUP 2.7L,PICKUP TRUCK - STANDARD,2.7,6,AS6,X,12.4,7.6,10.8,26,258
Chevrolet,Chevrolet SUV 3.3L,SUV - STANDARD,3.3,6,A8,X,15.2,6.2,12.2,23,286
Chevrolet,Chevrolet MINICOMPACT 3.0L,MINICOMPACT,3.0,6,A6,E,18.2,7.7,14.7,19,246
Chevrolet,Chevrolet SUV 5.0L,SUV - STANDARD,5.0,8,A6,E,26.3,13.7,22.1,13,373
BMW,BMW STATION 3.0L,STATION WAGON - SMALL,3.0,6,A9,Z,14.5,7.0,12.0,24,277
Toyota,Toyota VAN 3.5L,VAN - PASSENGER,3.5,6,M6,X,14.5,6.7,11.9,24,278
Mercedes-Benz,Mercedes-Benz COMPACT 3.5L,COMPACT,3.5,6,AV,X,14.9,5.9,11.9,24,283
BMW,BMW PICKUP 4.0L,PICKUP TRUCK - SMALL,4.0,8,M5,Z,16.5,9.6,14.2,20,332
Nissan,Nissan SUV 1.5L,SUV - SMALL,1.5,4,M5,E,12.1,7.3,10.5,27,180
Ford,Ford VAN 2.4L,VAN - PASSENGER,2.4,4,AS6,X,12.4,8.8,11.2,25,265
BMW,BMW MID-SIZE 1.8L,MID-SIZE,1.8,4,AS8,Z,9.5,5.0,8.0,35,186
BMW,BMW MINIVAN 3.0L,MINIVAN,3.0,6,A8,X,13.9,9.4,12.4,23,295
Toyota,Toyota SUV 3.6L,SUV - STANDARD,3.6,6,A6,E,19.2,10.5,16.3,17,275
Hyundai,Hyundai SUBCOMPACT 2.5L,SUBCOMPACT,2.5,4,A9,X,11.8,6.7,10.1,28,236
Chevrolet,Chevrolet SUV 2.7L,SUV - STANDARD,2.7,6,AS6,X,12.9,8.1,11.3,25,265
Toyota,Toyota SUBCOMPACT 2.5L,SUBCOMPACT,2.5,4,AS10,X,10.0,6.4,8.8,32,213
Nissan,Nissan COMPACT 5.0L,COMPACT,5.0,8,M5,X,19.4,13.1,17.3,16,404
Ford,Ford PICKUP 3.5L,PICKUP TRUCK - STANDARD,3.5,6,AV,X,15.2,8.6,13.0,22,310
Nissan,Nissan TWO-SEATER 1.5L,TWO-SEATER,1.5,4,AV,Z,9.4,5.8,8.2,34,192
Chevrolet,Chevrolet SUV 2.5L,SUV - STANDARD,2.5,4,AS6,X,12.0,5.1,9.7,29,224
Ford,Ford VAN 1.5L,VAN - PASSENGER,1.5,4,AM7,X,10.1,7.4,9.2,31,215
Porsche,Porsche MID-SIZE 4.0L,MID-SIZE,4.0,8,A6,D,15.0,8.4,12.8,22,331
Ram,Ram VAN 5.0L,VAN - PASSENGER,5.0,8,AS8,X,18.6,9.3,15.5,18,367
Jeep,Jeep PICKUP 1.8L,PICKUP TRUCK - STANDARD,1.8,4,AV,Z,10.7,5.3,8.9,32,210
BMW,BMW PICKUP 3.5L,PICKUP TRUCK - STANDARD,3.5,6,M5,E,20.7,9.6,17.0,17,281
Ford,Ford VAN 4.0L,VAN - CARGO,4.0,8,AS6,E,22.8,13.5,19.7,14,320
Honda,Honda MINICOMPACT 2.5L,MINICOMPACT,2.5,4,A8,X,12.1,5.2,9.8,29,232
Mercedes-Benz,Mercedes-Benz SUBCOMPACT 4.0L,SUBCOMPACT,4.0,8,A9,Z,18.5,8.6,15.2,19,354
Ford,Ford SUV 3.5L,SUV - STANDARD,3.5,6,A9,D,12.8,7.7,11.1,25,296
Toyota,Toyota PICKUP 3.0L,PICKUP TRUCK - STANDARD,3.0,6,AS6,X,13.0,6.4,10.8,26,247
Ford,Ford SUV 4.0L,SUV - SMALL,4.0,8,AS6,X,16.8,8.7,14.1,20,331
Lexus,Lexus VAN 3.6L,VAN - CARGO,3.6,6,A8,Z,14.8,6.4,12.0,24,279
Chevrolet,Chevrolet PICKUP 6.2L,PICKUP TRUCK - STANDARD,6.2,8,A9,E,28.3,14.8,23.8,12,386
Honda,Honda PICKUP 2.4L,PICKUP TRUCK - SMALL,2.4,4,AV,Z,12.5,6.8,10.6,27,253
BMW,BMW PICKUP 2.5L,PICKUP TRUCK - STANDARD,2.5,4,AM7,X,11.9,5.0,9.6,29,227
Toyota,Toyota SUBCOMPACT 2.4L,SUBCOMPACT,2.4,4,M6,Z,11.5,7.3,10.1,28,234
Audi,Audi VAN 2.4L,VAN - CARGO,2.4,4,M6,X,11.0,5.3,9.1,31,215
Chevrolet,Chevrolet STATION 2.4L,STATION WAGON - SMALL,2.4,4,A6,X,10.6,5.8,9.0,31,214
Ram,Ram SUV 2.7L,SUV - STANDARD,2.7,6,AS10,X,13.4,6.2,11.0,26,261
Hyundai,Hyundai MINIVAN 1.5L,MINIVAN,1.5,4,A6,Z,10.1,5.3,8.5,33,209
Subaru,Subaru MINICOMPACT 5.0L,MINICOMPACT,5.0,8,AS10,Z,21.7,9.4,17.6,16,412
Lexus,Lexus SUBCOMPACT 1.5L,SUBCOMPACT,1.5,4,AS10,X,9.4,4.6,7.8,36,188
Nissan,Nissan STATION 1.8L,STATION WAGON - SMALL,1.8,4,A8,Z,10.7,4.7,8.7,32,202
Subaru,Subaru SUV 1.5L,SUV - SMALL,1.5,4,AM7,X,10.3,5.5,8.7,32,211
Ford,Ford VAN 4.0L,VAN - CARGO,4.0,8,M6,X,17.8,10.3,15.3,18,363
Chevrolet,Chevrolet PICKUP 2.7L,PICKUP TRUCK - STANDARD,2.7,6,AS10,X,13.0,8.2,11.4,25,274
Ford,Ford SUBCOMPACT 3.6L,SUBCOMPACT,3.6,6,M6,E,18.5,11.3,16.1,18,261
BMW,BMW SUV 3.5L,SUV - STANDARD,3.5,6,A8,X,14.6,7.4,12.2,23,288
Mercedes-Benz,Mercedes-Benz FULL-SIZE 3.6L,FULL-SIZE,3.6,6,M6,Z,13.9,8.5,12.1,23,286
BMW,BMW MID-SIZE 3.0L,MID-SIZE,3.0,6,A8,N,12.3,6.6,10.4,27,185
Jeep,Jeep SUV 5.0L,SUV - STANDARD,5.0,8,A9,D,15.7,9.1,13.5,21,357
BMW,BMW VAN 3.5L,VAN - PASSENGER,3.5,6,AS10,X,13.7,9.2,12.2,23,281
BMW,BMW SUV 2.5L,SUV - STANDARD,2.5,4,AS6,E,15.9,8.1,13.3,21,224
Audi,Audi SUV 1.8L,SUV - SMALL,1.8,4,AV,Z,10.1,6.2,8.8,32,205
Ford,Ford MINICOMPACT 1.8L,MINICOMPACT,1.8,4,M6,Z,9.9,5.1,8.3,34,186
Jeep,Jeep FULL-SIZE 3.5L,FULL-SIZE,3.5,6,AV,E,18.5,10.1,15.7,18,264
Ford,Ford MID-SIZE 3.0L,MID-SIZE,3.0,6,AS10,Z,14.8,10.0,13.2,21,311
Smart,Smart TWO-SEATER 1.0L,TWO-SEATER,1.0,3,A6,X,7.3,4.3,6.3,45,147
Hyundai,Hyundai COMPACT 1.8L,COMPACT,1.8,4,AS8,X,10.7,5.6,9.0,31,212
Chevrolet,Chevrolet VAN 2.7L,VAN - PASSENGER,2.7,6,AV,X,13.4,5.6,10.8,26,258
Ford,Ford PICKUP 5.3L,PICKUP TRUCK - STANDARD,5.3,8,AM7,X,20.8,8.5,16.7,17,395
Jeep,Jeep MID-SIZE 2.4L,MID-SIZE,2.4,4,AV,X,10.0,5.8,8.6,33,207
Volkswagen,Volkswagen COMPACT 2.5L,COMPACT,2.5,4,A9,X,12.4,4.9,9.9,29,231
Volkswagen,Volkswagen SUBCOMPACT 2.0L,SUBCOMPACT,2.0,4,M6,X,11.0,5.6,9.2,31,213
Hyundai,Hyundai PICKUP 2.4L,PICKUP TRUCK - STANDARD,2.4,4,AM7,X,10.4,5.3,8.7,32,208
Ford,Ford VAN 3.3L,VAN - PASSENGER,3.3,6,M6,E,19.2,8.7,15.7,18,252
BMW,BMW MINIVAN 2.5L,MINIVAN,2.5,4,A6,Z,10.9,7.9,9.9,29,222
Ford,Ford PICKUP 5.0L,PICKUP TRUCK - STANDARD,5.0,8,A6,X,18.6,8.4,15.2,19,361
Dodge,Dodge SUBCOMPACT 2.5L,SUBCOMPACT,2.5,4,AS8,Z,11.4,5.7,9.5,30,220
Nissan,Nissan SUV 2.5L,SUV - STANDARD,2.5,4,AM7,X,10.5,6.3,9.1,31,214
BMW,BMW MINICOMPACT 1.8L,MINICOMPACT,1.8,4,AV,Z,10.4,7.1,9.3,30,218
Ford,Ford MINICOMPACT 3.6L,MINICOMPACT,3.6,6,A8,E,19.9,8.8,16.2,17,266
BMW,BMW VAN 5.0L,VAN - PASSENGER,5.0,8,A6,Z,20.8,10.6,17.4,16,410
BMW,BMW TWO-SEATER 1.5L,TWO-SEATER,1.5,3,AM7,E,12.3,6.0,10.2,28,175
Volkswagen,Volkswagen MINICOMPACT 3.6L,MINICOMPACT,3.6,6,AS6,Z,14.6,9.2,12.8,22,306
Nissan,Nissan COMPACT 2.4L,COMPACT,2.4,4,M6,Z,12.3,7.8,10.8,26,257
Dodge,Dodge VAN 3.0L,VAN - PASSENGER,3.0,6,AS10,E,18.5,11.0,16.0,18,269
Toyota,Toyota SUV 1.8L,SUV - STANDARD,1.8,3,A9,Z,9.7,7.0,8.8,32,215
Ford,Ford VAN 5.3L,VAN - PASSENGER,5.3,8,AV,D,17.2,9.4,14.6,19,391
Volkswagen,Volkswagen SUV 1.8L,SUV - SMALL,1.8,4,A6,E,13.5,7.2,11.4,25,185
Hyundai,Hyundai MINICOMPACT 5.0L,MINICOMPACT,5.0,8,AS8,X,17.8,11.8,15.8,18,370
Audi,Audi COMPACT 1.5L,COMPACT,1.5,4,A6,Z,9.7,5.2,8.2,34,195
Hyundai,Hyundai MINIVAN 2.5L,MINIVAN,2.5,4,AS10,X,11.3,7.4,10.0,28,241
Toyota,Toyota FULL-SIZE 3.0L,FULL-SIZE,3.0,6,AV,D,12.2,8.3,10.9,26,293
Toyota,Toyota SUV 2.5L,SUV - STANDARD,2.5,4,M6,Z,11.6,6.8,10.0,28,231
Mercedes-Benz,Mercedes-Benz MINIVAN 2.5L,MINIVAN,2.5,4,M6,Z,12.8,6.2,10.6,27,242
Ford,Ford PICKUP 2.7L,PICKUP TRUCK - STANDARD,2.7,6,M5,X,14.4,6.9,11.9,24,281
Ford,Ford VAN 5.0L,VAN - PASSENGER,5.0,8,M5,X,18.5,8.9,15.3,18,364
Ford,Ford VAN 3.5L,VAN - PASSENGER,3.5,6,A9,X,15.1,7.0,12.4,23,291
Nissan,Nissan VAN 3.0L,VAN - PASSENGER,3.0,6,A9,Z,13.9,8.5,12.1,23,286
BMW,BMW FULL-SIZE 2.0L,FULL-SIZE,2.0,4,AM7,E,14.1,7.2,11.8,24,191
Toyota,Toyota TWO-SEATER 5.0L,TWO-SEATER,5.0,8,M5,X,18.3,9.0,15.2,19,350
Lexus,Lexus STATION 2.5L,STATION WAGON - SMALL,2.5,4,AS8,Z,11.6,6.8,10.0,28,230
Chevrolet,Chevrolet SUV 5.3L,SUV - STANDARD,5.3,8,AM7,E,27.7,14.8,23.4,12,394
Mercedes-Benz,Mercedes-Benz MID-SIZE 3.6L,MID-SIZE,3.6,6,M6,Z,16.2,9.0,13.8,20,322
Hyundai,Hyundai MINIVAN 2.0L,MINIVAN,2.0,3,M5,Z,11.1,6.0,9.4,30,224
Chevrolet,Chevrolet SUV 5.0L,SUV - STANDARD,5.0,8,A6,X,17.4,12.3,15.7,18,364
Ford,Ford PICKUP 3.5L,PICKUP TRUCK - STANDARD,3.5,6,AS6,D,14.2,6.7,11.7,24,309
BMW,BMW VAN 3.0L,VAN - CARGO,3.0,6,A6,Z,15.0,9.9,13.3,21,319
Chevrolet,Chevrolet PICKUP 1.8L,PICKUP TRUCK - SMALL,1.8,4,AV,X,9.8,6.2,8.6,33,195
Subaru,Subaru COMPACT 2.5L,COMPACT,2.5,4,M5,X,11.8,6.7,10.1,28,235
Jeep,Jeep SUV 2.5L,SUV - STANDARD,2.5,4,AS8,X,10.9,7.9,9.9,29,233
Nissan,Nissan FULL-SIZE 4.0L,FULL-SIZE,4.0,8,A9,X,18.4,7.6,14.8,19,353
Dodge,Dodge VAN 3.6L,VAN - PASSENGER,3.6,6,AV,X,15.1,6.4,12.2,23,283
Jeep,Jeep STATION 3.6L,STATION WAGON - SMALL,3.6,6,AV,X,15.3,9.6,13.4,21,314
Chevrolet,Chevrolet TWO-SEATER 2.4L,TWO-SEATER,2.4,4,A8,X,9.4,5.8,8.2,34,196
Lexus,Lexus PICKUP 1.8L,PICKUP TRUCK - SMALL,1.8,4,A6,D,9.7,4.6,8.0,35,213
Audi,Audi SUBCOMPACT 4.0L,SUBCOMPACT,4.0,8,A8,D,14.0,9.2,12.4,23,330
Jeep,Jeep MINICOMPACT 1.5L,MINICOMPACT,1.5,4,A9,E,11.6,8.0,10.4,27,178
Lexus,Lexus PICKUP 3.0L,PICKUP TRUCK - STANDARD,3.0,6,AS10,Z,14.5,7.0,12.0,24,283
BMW,BMW VAN 1.5L,VAN - CARGO,1.5,4,AS6,Z,9.2,4.7,7.7,37,180
Ford,Ford MID-SIZE 5.0L,MID-SIZE,5.0,8,M6,E,24.5,17.3,22.1,13,373
Chevrolet,Chevrolet VAN 5.0L,VAN - PASSENGER,5.0,8,M6,X,17.9,11.3,15.7,18,371
Mercedes-Benz,Mercedes-Benz STATION 2.4L,STATION WAGON - SMALL,2.4,4,AS8,X,10.8,4.8,8.8,32,207
Jeep,Jeep SUV 3.0L,SUV - STANDARD,3.0,6,A9,E,19.6,10.6,16.6,17,275
Dodge,Dodge VAN 1.8L,VAN - CARGO,1.8,3,AS6,X,10.2,6.0,8.8,32,205
Ford,Ford SUV 3.5L,SUV - STANDARD,3.5,6,AM7,X,13.9,6.4,11.4,25,269
Toyota,Toyota SUBCOMPACT 2.4L,SUBCOMPACT,2.4,4,A6,Z,11.6,5.0,9.4,30,223
Mercedes-Benz,Mercedes-Benz SUV 1.8L,SUV - STANDARD,1.8,4,A8,Z,11.7,5.1,9.5,30,222
Chevrolet,Chevrolet FULL-SIZE 3.6L,FULL-SIZE,3.6,6,AS6,X,15.2,7.4,12.6,22,295
Ford,Ford SUV 5.3L,SUV - STANDARD,5.3,8,AV,X,20.1,8.1,16.1,18,383
BMW,BMW SUBCOMPACT 3.5L,SUBCOMPACT,3.5,6,A8,Z,13.7,9.8,12.4,23,290
Porsche,Porsche COMPACT 4.0L,COMPACT,4.0,8,A9,Z,17.0,10.1,14.7,19,348
BMW,BMW MINIVAN 2.0L,MINIVAN,2.0,4,AV,X,11.5,7.0,10.0,28,236
Toyota,Toyota VAN 1.8L,VAN - PASSENGER,1.8,4,AS10,X,10.7,6.5,9.3,30,218
Volkswagen,Volkswagen SUBCOMPACT 5.0L,SUBCOMPACT,5.0,8,M5,X,17.9,12.2,16.0,18,375
BMW,BMW COMPACT 4.0L,COMPACT,4.0,8,M5,Z,17.0,8.9,14.3,20,344
Ram,Ram VAN 5.0L,VAN - PASSENGER,5.0,8,M6,E,23.7,17.1,21.5,13,352
Ram,Ram PICKUP 6.2L,PICKUP TRUCK - STANDARD,6.2,8,AS6,X,21.5,11.0,18.0,16,426
Chevrolet,Chevrolet VAN 2.7L,VAN - PASSENGER,2.7,6,AM7,X,14.0,6.2,11.4,25,269
Toyota,Toyota MINICOMPACT 3.5L,MINICOMPACT,3.5,6,A8,Z,15.0,10.8,13.6,21,321
BMW,BMW FULL-SIZE 1.8L,FULL-SIZE,1.8,4,AM7,X,9.0,3.6,7.2,39,173
BMW,BMW SUV 2.4L,SUV - SMALL,2.4,4,AS10,X,12.3,5.1,9.9,29,230
Ford,Ford PICKUP 3.5L,PICKUP TRUCK - STANDARD,3.5,6,A6,E,20.9,10.7,17.5,16,297
Nissan,Nissan VAN 4.0L,VAN - PASSENGER,4.0,8,AS8,Z,18.0,9.6,15.2,19,355
Toyota,Toyota SUV 3.6L,SUV - SMALL,3.6,6,AS6,X,13.7,7.1,11.5,25,269
Ford,Ford SUV 4.0L,SUV - STANDARD,4.0,8,AS10,X,16.2,9.9,14.1,20,335
BMW,BMW PICKUP 3.6L,PICKUP TRUCK - STANDARD,3.6,6,AS6,Z,14.8,9.4,13.0,22,299
Lexus,Lexus SUBCOMPACT 1.8L,SUBCOMPACT,1.8,4,AS8,X,10.3,4.9,8.5,33,194
Chevrolet,Chevrolet VAN 2.7L,VAN - PASSENGER,2.7,6,AS10,E,18.1,7.6,14.6,19,242
Ford,Ford VAN 2.7L,VAN - PASSENGER,2.7,6,AV,E,18.9,9.9,15.9,18,268
Toyota,Toyota PICKUP 2.0L,PICKUP TRUCK - STANDARD,2.0,4,AS8,X,10.4,5.3,8.7,32,195
Smart,Smart TWO-SEATER 1.0L,TWO-SEATER,1.0,3,A8,X,8.1,3.5,6.5,43,146
Chevrolet,Chevrolet FULL-SIZE 3.0L,FULL-SIZE,3.0,6,A8,E,17.0,12.2,15.4,18,245
Honda,Honda COMPACT 3.6L,COMPACT,3.6,6,AS6,X,14.1,7.2,11.8,24,267
Hyundai,Hyundai SUV 2.0L,SUV - STANDARD,2.0,4,AV,X,10.4,6.5,9.1,31,215
Chevrolet,Chevrolet PICKUP 5.3L,PICKUP TRUCK - STANDARD,5.3,8,M5,X,19.6,11.5,16.9,17,396
Volkswagen,Volkswagen SUV 2.5L,SUV - SMALL,2.5,4,AS10,Z,12.9,6.9,10.9,26,256
BMW,BMW MINIVAN 3.5L,MINIVAN,3.5,6,M6,Z,15.3,10.2,13.6,21,319
Nissan,Nissan VAN 3.6L,VAN - PASSENGER,3.6,6,AS10,Z,16.1,8.3,13.5,21,319
Nissan,Nissan PICKUP 1.5L,PICKUP TRUCK - STANDARD,1.5,4,AM7,D,8.3,4.1,6.9,41,182
Audi,Audi SUV 1.8L,SUV - SMALL,1.8,4,A8,Z,10.8,5.7,9.1,31,211
Ford,Ford SUV 5.0L,SUV - STANDARD,5.0,8,A9,X,19.5,9.6,16.2,17,382
GMC,GMC VAN 5.0L,VAN - CARGO,5.0,8,AV,Z,20.8,10.0,17.2,16,400
BMW,BMW COMPACT 3.0L,COMPACT,3.0,6,AS10,Z,14.7,8.1,12.5,23,297
Chevrolet,Chevrolet VAN 5.3L,VAN - PASSENGER,5.3,8,AM7,X,19.1,10.7,16.3,17,386
Ford,Ford PICKUP 6.2L,PICKUP TRUCK - STANDARD,6.2,8,A8,X,21.0,11.4,17.8,16,418
Nissan,Nissan STATION 3.0L,STATION WAGON - SMALL,3.0,6,A8,Z,13.8,7.2,11.6,24,264
Honda,Honda PICKUP 4.0L,PICKUP TRUCK - STANDARD,4.0,8,M5,X,16.3,9.7,14.1,20,331
Ford,Ford PICKUP 3.3L,PICKUP TRUCK - STANDARD,3.3,6,AM7,X,13.5,9.0,12.0,24,285
Toyota,Toyota VAN 5.0L,VAN - PASSENGER,5.0,8,M6,X,18.4,10.6,15.8,18,370
Chevrolet,Chevrolet SUBCOMPACT 3.0L,SUBCOMPACT,3.0,6,AS8,Z,14.6,10.1,13.1,22,316
Nissan,Nissan SUBCOMPACT 1.5L,SUBCOMPACT,1.5,4,AS10,X,9.6,5.7,8.3,34,195
Chevrolet,Chevrolet PICKUP 3.0L,PICKUP TRUCK - SMALL,3.0,6,M5,X,11.9,8.0,10.6,27,246
Honda,Honda VAN 2.5L,VAN - CARGO,2.5,4,M5,X,12.1,6.4,10.2,28,238
Mercedes-Benz,Mercedes-Benz SUV 4.0L,SUV - SMALL,4.0,8,AS8,X,17.9,11.9,15.9,18,366
Subaru,Subaru PICKUP 2.5L,PICKUP TRUCK - SMALL,2.5,4,M6,Z,11.0,7.1,9.7,29,224
Ford,Ford VAN 2.5L,VAN - PASSENGER,2.5,4,AS8,Z,12.2,8.3,10.9,26,249
BMW,BMW MID-SIZE 2.0L,MID-SIZE,2.0,4,M6,Z,11.2,7.0,9.8,29,234
Ford,Ford STATION 3.6L,STATION WAGON - SMALL,3.6,6,A6,Z,15.2,8.6,13.0,22,305
Subaru,Subaru FULL-SIZE 2.4L,FULL-SIZE,2.4,4,AM7,X,10.1,5.6,8.6,33,207
Dodge,Dodge SUBCOMPACT 3.0L,SUBCOMPACT,3.0,6,A6,Z,14.0,8.9,12.3,23,288
Chevrolet,Chevrolet SUV 5.0L,SUV - STANDARD,5.0,8,M6,X,18.9,9.0,15.6,18,367
Honda,Honda PICKUP 3.0L,PICKUP TRUCK - STANDARD,3.0,6,AV,X,15.4,8.8,13.2,21,314
Jeep,Jeep COMPACT 4.0L,COMPACT,4.0,8,M6,Z,17.5,10.0,15.0,19,356
Audi,Audi PICKUP 2.4L,PICKUP TRUCK - STANDARD,2.4,4,A9,D,8.3,5.3,7.3,39,199
Toyota,Toyota COMPACT 3.0L,COMPACT,3.0,6,A6,X,14.0,6.8,11.6,24,271
Chevrolet,Chevrolet SUV 6.2L,SUV - STANDARD,6.2,8,AM7,X,21.6,13.5,18.9,15,442
Ford,Ford VAN 4.0L,VAN - CARGO,4.0,8,M6,X,17.0,8.6,14.2,20,332
Lexus,Lexus MINIVAN 2.5L,MINIVAN,2.5,4,AM7,Z,13.1,5.6,10.6,27,251
Lexus,Lexus TWO-SEATER 2.0L,TWO-SEATER,2.0,4,A8,X,10.2,6.0,8.8,32,204
Nissan,Nissan PICKUP 3.0L,PICKUP TRUCK - SMALL,3.0,6,M6,X,14.8,7.3,12.3,23,297
BMW,BMW MID-SIZE 2.0L,MID-SIZE,2.0,4,A6,X,10.1,5.6,8.6,33,205
BMW,BMW MINIVAN 1.8L,MINIVAN,1.8,3,A8,Z,11.2,4.6,9.0,31,209
Volkswagen,Volkswagen PICKUP 3.5L,PICKUP TRUCK - SMALL,3.5,6,A6,X,13.9,7.0,11.6,24,272
Lexus,Lexus MINIVAN 2.5L,MINIVAN,2.5,4,AM7,Z,12.6,8.4,11.2,25,261
Dodge,Dodge PICKUP 3.5L,PICKUP TRUCK - STANDARD,3.5,6,M5,E,20.0,14.0,18.0,16,302
Hyundai,Hyundai VAN 1.8L,VAN - PASSENGER,1.8,4,AM7,X,10.2,5.7,8.7,32,210
Nissan,Nissan TWO-SEATER 3.5L,TWO-SEATER,3.5,6,A6,X,14.6,9.2,12.8,22,304
Ford,Ford VAN 2.7L,VAN - PASSENGER,2.7,6,M5,X,14.2,6.1,11.5,25,277
Chevrolet,Chevrolet SUV 2.7L,SUV - STANDARD,2.7,6,A9,X,13.0,7.0,11.0,26,259
Lexus,Lexus SUV 1.8L,SUV - STANDARD,1.8,4,M6,E,13.9,8.2,12.0,24,197
Nissan,Nissan STATION 2.0L,STATION WAGON - SMALL,2.0,3,AS6,X,9.0,5.7,7.9,36,187
Ford,Ford PICKUP 5.3L,PICKUP TRUCK - STANDARD,5.3,8,AS6,X,19.3,12.1,16.9,17,398
Ford,Ford PICKUP 3.5L,PICKUP TRUCK - STANDARD,3.5,6,AM7,X,13.5,6.0,11.0,26,258
Honda,Honda MID-SIZE 2.0L,MID-SIZE,2.0,4,M6,Z,10.9,5.2,9.0,31,211
Ford,Ford VAN 5.3L,VAN - PASSENGER,5.3,8,A9,E,27.4,11.8,22.2,13,375
Chevrolet,Chevrolet MINIVAN 3.5L,MINIVAN,3.5,6,A9,X,15.4,7.3,12.7,22,295
Audi,Audi VAN 3.0L,VAN - PASSENGER,3.0,6,AS10,X,14.6,10.1,13.1,22,304
Honda,Honda SUV 2.0L,SUV - SMALL,2.0,4,M5,X,10.0,4.9,8.3,34,195
Honda,Honda FULL-SIZE 2.5L,FULL-SIZE,2.5,4,AV,X,10.9,7.9,9.9,29,233
Chevrolet,Chevrolet PICKUP 6.2L,PICKUP TRUCK - STANDARD,6.2,8,AS8,D,19.3,7.9,15.5,18,414
Volkswagen,Volkswagen FULL-SIZE 5.0L,FULL-SIZE,5.0,8,A6,Z,20.4,11.1,17.3,16,409
Chevrolet,Chevrolet SUV 3.5L,SUV - STANDARD,3.5,6,A9,X,13.6,9.7,12.3,23,287
BMW,BMW MINICOMPACT 2.5L,MINICOMPACT,2.5,4,M5,Z,12.7,6.7,10.7,26,247
Volkswagen,Volkswagen SUV 2.5L,SUV - STANDARD,2.5,4,AS8,Z,12.7,5.8,10.4,27,245
Nissan,Nissan MINIVAN 3.6L,MINIVAN,3.6,6,AS8,X,16.0,6.7,12.9,22,305
GMC,GMC VAN 5.3L,VAN - PASSENGER,5.3,8,M5,X,19.0,12.1,16.7,17,393
Honda,Honda SUV 3.6L,SUV - STANDARD,3.6,6,AV,Z,14.2,9.4,12.6,22,294
Audi,Audi MINICOMPACT 5.0L,MINICOMPACT,5.0,8,M5,Z,20.2,8.2,16.2,17,377
Ford,Ford VAN 5.0L,VAN - PASSENGER,5.0,8,AS6,X,18.9,11.7,16.5,17,387
BMW,BMW MINICOMPACT 4.0L,MINICOMPACT,4.0,8,M5,Z,16.2,11.1,14.5,19,349
Chevrolet,Chevrolet SUV 3.5L,SUV - STANDARD,3.5,6,M5,X,13.9,8.8,12.2,23,288
Chevrolet,Chevrolet SUV 3.3L,SUV - STANDARD,3.3,6,M6,X,13.6,8.8,12.0,24,277
Ram,Ram PICKUP 1.5L,PICKUP TRUCK - SMALL,1.5,4,AV,Z,10.1,5.6,8.6,33,199
Mercedes-Benz,Mercedes-Benz PICKUP 3.6L,PICKUP TRUCK - SMALL,3.6,6,A9,D,13.1,5.6,10.6,27,278
Lexus,Lexus PICKUP 3.5L,PICKUP TRUCK - STANDARD,3.5,6,A8,X,15.5,7.4,12.8,22,301
Nissan,Nissan TWO-SEATER 5.0L,TWO-SEATER,5.0,8,AS8,Z,20.8,10.3,17.3,16,401
Jeep,Jeep TWO-SEATER 2.4L,TWO-SEATER,2.4,4,AV,Z,13.2,6.0,10.8,26,255
Toyota,Toyota PICKUP 5.0L,PICKUP TRUCK - SMALL,5.0,8,M5,X,20.1,9.6,16.6,17,388
Audi,Audi SUBCOMPACT 3.0L,SUBCOMPACT,3.0,6,M6,X,16.1,8.9,13.7,21,316
Toyota,Toyota SUBCOMPACT 2.0L,SUBCOMPACT,2.0,4,M6,X,10.4,6.2,9.0,31,214
Chevrolet,Chevrolet PICKUP 5.0L,PICKUP TRUCK - STANDARD,5.0,8,A8,X,17.4,11.4,15.4,18,365
Volkswagen,Volkswagen SUV 2.4L,SUV - STANDARD,2.4,4,A9,X,11.1,6.9,9.7,29,227
BMW,BMW SUBCOMPACT 2.4L,SUBCOMPACT,2.4,4,AS10,Z,12.6,6.0,10.4,27,255
Ford,Ford PICKUP 3.5L,PICKUP TRUCK - STANDARD,3.5,6,AS10,E,21.7,9.7,17.7,16,290
Nissan,Nissan MID-SIZE 2.4L,MID-SIZE,2.4,4,AS10,X,11.4,5.1,9.3,30,214
Chevrolet,Chevrolet PICKUP 4.0L,PICKUP TRUCK - SMALL,4.0,8,M6,X,15.5,7.1,12.7,22,299
Porsche,Porsche MINIVAN 3.6L,MINIVAN,3.6,6,AS10,Z,16.4,8.9,13.9,20,325
Porsche,Porsche TWO-SEATER 1.5L,TWO-SEATER,1.5,4,AM7,X,10.1,5.6,8.6,33,193
Lexus,Lexus VAN 4.0L,VAN - PASSENGER,4.0,8,AM7,Z,16.4,10.7,14.5,19,343
Mercedes-Benz,Mercedes-Benz MINIVAN 2.5L,MINIVAN,2.5,4,M6,X,12.6,6.3,10.5,27,243
Ford,Ford VAN 5.3L,VAN - PASSENGER,5.3,8,AM7,X,19.4,12.8,17.2,16,407
Subaru,Subaru SUV 3.0L,SUV - STANDARD,3.0,6,AS10,D,11.2,7.6,10.0,28,274
Mercedes-Benz,Mercedes-Benz STATION 3.5L,STATION WAGON - SMALL,3.5,6,A8,Z,16.7,6.8,13.4,21,321
Ram,Ram SUV 4.0L,SUV - SMALL,4.0,8,AS8,Z,17.2,9.1,14.5,19,342
Ram,Ram VAN 2.7L,VAN - PASSENGER,2.7,6,A9,X,11.6,7.7,10.3,27,241
GMC,GMC SUV 3.0L,SUV - SMALL,3.0,6,M5,X,13.7,8.6,12.0,24,284
BMW,BMW MINIVAN 4.0L,MINIVAN,4.0,8,AV,X,17.7,8.4,14.6,19,346
Mercedes-Benz,Mercedes-Benz SUV 3.5L,SUV - SMALL,3.5,6,M5,X,15.5,7.4,12.8,22,299
GMC,GMC COMPACT 2.0L,COMPACT,2.0,4,M5,X,10.6,7.3,9.5,30,225
BMW,BMW PICKUP 3.6L,PICKUP TRUCK - SMALL,3.6,6,AV,Z,15.1,10.6,13.6,21,320
Chevrolet,Chevrolet SUV 3.5L,SUV - STANDARD,3.5,6,M6,X,15.1,7.6,12.6,22,297
Audi,Audi MID-SIZE 3.5L,MID-SIZE,3.5,6,M6,E,18.8,11.6,16.4,17,271
Subaru,Subaru COMPACT 3.5L,COMPACT,3.5,6,A6,E,19.7,10.7,16.7,17,276
Honda,Honda PICKUP 2.5L,PICKUP TRUCK - SMALL,2.5,4,AS6,X,11.9,5.3,9.7,29,231
Audi,Audi FULL-SIZE 2.5L,FULL-SIZE,2.5,4,AS6,X,11.4,5.7,9.5,30,216
Ford,Ford PICKUP 1.8L,PICKUP TRUCK - STANDARD,1.8,4,AS8,E,13.8,9.0,12.2,23,207
Nissan,Nissan MINIVAN 2.0L,MINIVAN,2.0,4,AS10,X,10.7,4.4,8.6,33,195
Smart,Smart TWO-SEATER 1.0L,TWO-SEATER,1.0,3,M5,X,7.7,5.3,6.9,41,162
Ford,Ford SUV 5.0L,SUV - STANDARD,5.0,8,A8,X,18.1,10.9,15.7,18,376
Toyota,Toyota PICKUP 3.5L,PICKUP TRUCK - SMALL,3.5,6,A8,Z,13.8,8.7,12.1,23,284
Dodge,Dodge FULL-SIZE 5.0L,FULL-SIZE,5.0,8,A6,D,15.1,10.6,13.6,21,365
Volkswagen,Volkswagen MID-SIZE 2.0L,MID-SIZE,2.0,4,A8,X,10.0,5.2,8.4,34,203
Honda,Honda SUV 4.0L,SUV - SMALL,4.0,8,AV,Z,17.0,8.9,14.3,20,332
Volkswagen,Volkswagen SUV 2.4L,SUV - SMALL,2.4,4,A9,X,11.3,7.4,10.0,28,236
BMW,BMW SUV 3.0L,SUV - STANDARD,3.0,6,A9,Z,14.2,8.5,12.3,23,287
BMW,BMW SUV 3.5L,SUV - SMALL,3.5,6,M6,Z,16.1,7.1,13.1,22,310
Jeep,Jeep FULL-SIZE 5.0L,FULL-SIZE,5.0,8,AS6,D,16.9,10.3,14.7,19,394
Jeep,Jeep PICKUP 2.4L,PICKUP TRUCK - SMALL,2.4,4,A9,X,10.1,5.9,8.7,32,203
Dodge,Dodge PICKUP 4.0L,PICKUP TRUCK - SMALL,4.0,8,AS10,X,17.4,8.7,14.5,19,335
Lexus,Lexus TWO-SEATER 1.8L,TWO-SEATER,1.8,4,AM7,Z,10.1,7.4,9.2,31,218
Toyota,Toyota SUBCOMPACT 1.5L,SUBCOMPACT,1.5,4,A8,X,9.7,4.6,8.0,35,185
Toyota,Toyota SUV 5.0L,SUV - SMALL,5.0,8,A8,Z,19.7,8.6,16.0,18,371
Jeep,Jeep MINIVAN 2.0L,MINIVAN,2.0,4,M6,Z,12.3,6.0,10.2,28,242
Nissan,Nissan COMPACT 3.6L,COMPACT,3.6,6,AS6,Z,15.8,8.6,13.4,21,318
Volkswagen,Volkswagen SUV 1.5L,SUV - SMALL,1.5,4,A9,E,13.6,7.0,11.4,25,187
Jeep,Jeep STATION 3.0L,STATION WAGON - SMALL,3.0,6,A8,Z,13.9,9.7,12.5,23,294
Lexus,Lexus PICKUP 1.8L,PICKUP TRUCK - SMALL,1.8,4,AS8,Z,9.4,5.2,8.0,35,195
BMW,BMW SUV 3.6L,SUV - STANDARD,3.6,6,AS6,X,14.9,7.4,12.4,23,297
Mercedes-Benz,Mercedes-Benz SUBCOMPACT 1.5L,SUBCOMPACT,1.5,4,AM7,X,10.4,4.7,8.5,33,204
Ford,Ford PICKUP 5.0L,PICKUP TRUCK - STANDARD,5.0,8,AS10,X,18.3,8.7,15.1,19,356
Audi,Audi SUV 5.0L,SUV - STANDARD,5.0,8,A6,E,26.9,12.5,22.1,13,362
Ford,Ford SUV 2.7L,SUV - STANDARD,2.7,6,AS6,X,12.7,8.8,11.4,25,267
Toyota,Toyota MINICOMPACT 2.0L,MINICOMPACT,2.0,4,M5,E,13.8,7.8,11.8,24,198
Audi,Audi FULL-SIZE 4.0L,FULL-SIZE,4.0,8,AM7,X,17.7,10.5,15.3,18,357
BMW,BMW MINIVAN 3.5L,MINIVAN,3.5,6,AS10,X,15.4,7.0,12.6,22,301
Nissan,Nissan FULL-SIZE 3.0L,FULL-SIZE,3.0,6,AS6,X,15.4,6.7,12.5,23,291
Ford,Ford MINICOMPACT 2.0L,MINICOMPACT,2.0,4,A6,X,10.0,6.4,8.8,32,204
Ford,Ford TWO-SEATER 3.6L,TWO-SEATER,3.6,6,A9,D,11.6,6.2,9.8,29,255
Jeep,Jeep TWO-SEATER 5.0L,TWO-SEATER,5.0,8,AS6,Z,19.5,10.5,16.5,17,384
BMW,BMW MINIVAN 1.5L,MINIVAN,1.5,4,AM7,Z,9.2,6.2,8.2,34,190
Ford,Ford PICKUP 5.3L,PICKUP TRUCK - STANDARD,5.3,8,M6,E,26.2,15.1,22.5,13,365
Toyota,Toyota PICKUP 1.5L,PICKUP TRUCK - SMALL,1.5,4,M6,X,11.1,5.4,9.2,31,220
Hyundai,Hyundai FULL-SIZE 4.0L,FULL-SIZE,4.0,8,AS10,Z,18.3,8.1,14.9,19,357
Chevrolet,Chevrolet PICKUP 2.0L,PICKUP TRUCK - STANDARD,2.0,4,M6,Z,10.7,5.9,9.1,31,219
Nissan,Nissan VAN 2.5L,VAN - CARGO,2.5,4,AS10,X,10.9,5.2,9.0,31,211
Ford,Ford PICKUP 5.0L,PICKUP TRUCK - STANDARD,5.0,8,A8,D,16.8,9.6,14.4,20,384
Ford,Ford SUV 3.5L,SUV - STANDARD,3.5,6,M6,X,15.0,7.8,12.6,22,295
Audi,Audi VAN 3.5L,VAN - CARGO,3.5,6,AS8,X,15.4,6.4,12.4,23,290
Audi,Audi SUV 1.8L,SUV - SMALL,1.8,4,A8,X,9.7,6.7,8.7,32,211
Nissan,Nissan MINICOMPACT 3.6L,MINICOMPACT,3.6,6,AM7,Z,14.4,7.2,12.0,24,283
Volkswagen,Volkswagen SUV 2.4L,SUV - SMALL,2.4,4,M6,X,11.8,7.9,10.5,27,250
Ram,Ram MINIVAN 3.0L,MINIVAN,3.0,6,A6,X,13.1,6.2,10.8,26,262
Toyota,Toyota SUBCOMPACT 5.0L,SUBCOMPACT,5.0,8,M5,Z,19.9,9.7,16.5,17,381
BMW,BMW TWO-SEATER 3.6L,TWO-SEATER,3.6,6,AS10,X,16.4,7.1,13.3,21,314
Jeep,Jeep VAN 5.0L,VAN - PASSENGER,5.0,8,AS6,Z,19.0,10.9,16.3,17,384
BMW,BMW MID-SIZE 3.5L,MID-SIZE,3.5,6,AS6,D,12.8,8.0,11.2,25,296
Mercedes-Benz,Mercedes-Benz COMPACT 3.0L,COMPACT,3.0,6,AS6,Z,15.2,8.6,13.0,22,306
Ford,Ford PICKUP 2.4L,PICKUP TRUCK - STANDARD,2.4,4,A6,X,11.7,6.6,10.0,28,237
Ford,Ford SUV 5.0L,SUV - STANDARD,5.0,8,AS6,X,18.0,11.4,15.8,18,371
Ram,Ram COMPACT 2.5L,COMPACT,2.5,4,AS10,Z,12.2,7.1,10.5,27,249
GMC,GMC TWO-SEATER 3.6L,TWO-SEATER,3.6,6,A6,Z,15.4,8.2,13.0,22,308
Honda,Honda PICKUP 3.0L,PICKUP TRUCK - SMALL,3.0,6,M5,N,13.8,7.2,11.6,24,208
Mercedes-Benz,Mercedes-Benz PICKUP 1.5L,PICKUP TRUCK - SMALL,1.5,4,M6,X,8.8,6.1,7.9,36,186
Chevrolet,Chevrolet FULL-SIZE 3.0L,FULL-SIZE,3.0,6,AS10,X,13.7,9.8,12.4,23,294
Chevrolet,Chevrolet SUV 3.5L,SUV - STANDARD,3.5,6,AM7,X,15.0,7.8,12.6,22,300
Chevrolet,Chevrolet VAN 3.5L,VAN - PASSENGER,3.5,6,A9,X,15.9,6.6,12.8,22,295
Audi,Audi SUBCOMPACT 1.8L,SUBCOMPACT,1.8,4,AM7,Z,11.6,5.6,9.6,29,228
Volkswagen,Volkswagen VAN 4.0L,VAN - CARGO,4.0,8,A8,X,16.6,11.5,14.9,19,349
Honda,Honda VAN 2.5L,VAN - PASSENGER,2.5,4,A9,Z,11.5,8.2,10.4,27,245
BMW,BMW COMPACT 3.0L,COMPACT,3.0,6,A6,Z,13.9,6.7,11.5,25,272
Porsche,Porsche MID-SIZE 3.0L,MID-SIZE,3.0,6,A8,Z,16.1,7.1,13.1,22,311
Volkswagen,Volkswagen SUV 3.0L,SUV - STANDARD,3.0,6,M6,D,12.4,5.5,10.1,28,271
Audi,Audi FULL-SIZE 1.8L,FULL-SIZE,1.8,4,AV,Z,11.5,7.0,10.0,28,241
Nissan,Nissan SUV 3.0L,SUV - STANDARD,3.0,6,AS10,X,14.0,7.1,11.7,24,275
Mercedes-Benz,Mercedes-Benz VAN 3.5L,VAN - CARGO,3.5,6,A6,Z,16.1,8.0,13.4,21,315
Chevrolet,Chevrolet TWO-SEATER 3.5L,TWO-SEATER,3.5,6,A9,E,21.2,8.6,17.0,17,284
BMW,BMW SUBCOMPACT 3.6L,SUBCOMPACT,3.6,6,AS8,X,14.1,8.4,12.2,23,279
Hyundai,Hyundai VAN 1.5L,VAN - CARGO,1.5,4,A8,X,9.0,5.7,7.9,36,179
Ford,Ford SUBCOMPACT 2.4L,SUBCOMPACT,2.4,4,AM7,Z,11.1,5.1,9.1,31,212
Ford,Ford MINIVAN 3.6L,MINIVAN,3.6,6,M5,X,14.7,7.2,12.2,23,282
Ford,Ford STATION 2.5L,STATION WAGON - SMALL,2.5,4,A8,Z,12.1,8.2,10.8,26,252
Ford,Ford PICKUP 1.8L,PICKUP TRUCK - SMALL,1.8,4,AM7,Z,11.3,7.1,9.9,29,232
GMC,GMC SUV 3.5L,SUV - SMALL,3.5,6,M5,X,14.3,6.8,11.8,24,268
Volkswagen,Volkswagen TWO-SEATER 1.8L,TWO-SEATER,1.8,4,M5,Z,11.3,5.0,9.2,31,208
Toyota,Toyota TWO-SEATER 1.5L,TWO-SEATER,1.5,4,AM7,X,10.6,5.8,9.0,31,211
Ford,Ford VAN 3.5L,VAN - PASSENGER,3.5,6,A8,X,14.8,8.5,12.7,22,296
Toyota,Toyota MINIVAN 3.6L,MINIVAN,3.6,6,AS6,E,20.5,10.9,17.3,16,280
Toyota,Toyota VAN 5.0L,VAN - CARGO,5.0,8,AS8,Z,18.4,12.4,16.4,17,389
Chevrolet,Chevrolet SUV 5.3L,SUV - STANDARD,5.3,8,M6,E,25.9,16.3,22.7,12,373
Mercedes-Benz,Mercedes-Benz TWO-SEATER 3.0L,TWO-SEATER,3.0,6,A9,Z,14.6,6.2,11.8,24,281
Mercedes-Benz,Mercedes-Benz MINIVAN 1.5L,MINIVAN,1.5,4,AS8,Z,8.7,5.7,7.7,37,184
Nissan,Nissan SUV 5.0L,SUV - STANDARD,5.0,8,AV,X,19.6,10.3,16.5,17,393
Nissan,Nissan MINIVAN 1.5L,MINIVAN,1.5,4,AS8,X,7.5,5.1,6.7,42,155
Ford,Ford VAN 3.3L,VAN - PASSENGER,3.3,6,AS10,X,14.5,6.1,11.7,24,272
Mercedes-Benz,Mercedes-Benz SUBCOMPACT 3.5L,SUBCOMPACT,3.5,6,A9,Z,16.5,7.8,13.6,21,326
Nissan,Nissan MINIVAN 1.5L,MINIVAN,1.5,4,A8,Z,9.4,5.2,8.0,35,184
Toyota,Toyota MINICOMPACT 2.4L,MINICOMPACT,2.4,4,AM7,Z,10.9,4.9,8.9,32,216
GMC,GMC MINICOMPACT 2.0L,MINICOMPACT,2.0,4,AS6,X,10.2,6.6,9.0,31,212
Honda,Honda STATION 1.5L,STATION WAGON - SMALL,1.5,4,A6,X,9.3,6.0,8.2,34,191
Chevrolet,Chevrolet VAN 5.3L,VAN - PASSENGER,5.3,8,AV,D,17.3,8.0,14.2,20,386
Ford,Ford SUV 3.6L,SUV - SMALL,3.6,6,A8,X,14.8,9.4,13.0,22,306
Nissan,Nissan TWO-SEATER 1.5L,TWO-SEATER,1.5,4,A8,X,10.3,5.8,8.8,32,213
Ford,Ford STATION 1.5L,STATION WAGON - SMALL,1.5,4,M5,Z,10.7,5.6,9.0,31,216
Audi,Audi COMPACT 2.0L,COMPACT,2.0,4,AS10,X,9.1,5.5,7.9,36,184
Porsche,Porsche SUV 3.6L,SUV - SMALL,3.6,6,AS10,E,19.3,12.7,17.1,17,285
Audi,Audi TWO-SEATER 4.0L,TWO-SEATER,4.0,8,AS10,Z,18.1,7.6,14.6,19,335
Mercedes-Benz,Mercedes-Benz VAN 2.0L,VAN - CARGO,2.0,4,A9,X,11.2,5.8,9.4,30,224
Nissan,Nissan COMPACT 2.0L,COMPACT,2.0,4,AS6,Z,10.2,6.0,8.8,32,214
Toyota,Toyota PICKUP 1.8L,PICKUP TRUCK - STANDARD,1.8,4,A6,X,10.3,4.9,8.5,33,196
Audi,Audi MINICOMPACT 2.0L,MINICOMPACT,2.0,4,AS8,E,14.4,7.8,12.2,23,199
Porsche,Porsche MINIVAN 3.0L,MINIVAN,3.0,6,M5,Z,14.8,7.6,12.4,23,289
Mercedes-Benz,Mercedes-Benz MINICOMPACT 3.6L,MINICOMPACT,3.6,6,AV,X,15.1,7.3,12.5,23,297
Ram,Ram PICKUP 3.3L,PICKUP TRUCK - STANDARD,3.3,6,AV,E,20.3,11.9,17.5,16,290
Lexus,Lexus MINICOMPACT 5.0L,MINICOMPACT,5.0,8,AS10,E,24.5,17.0,22.0,13,365
Chevrolet,Chevrolet VAN 5.3L,VAN - PASSENGER,5.3,8,AM7,D,17.2,8.2,14.2,20,378
Ford,Ford STATION 3.5L,STATION WAGON - SMALL,3.5,6,AS10,Z,16.3,7.3,13.3,21,312
Ford,Ford VAN 2.7L,VAN - PASSENGER,2.7,6,AM7,D,10.2,6.9,9.1,31,242
Ford,Ford TWO-SEATER 1.5L,TWO-SEATER,1.5,4,AS6,D,8.2,4.9,7.1,40,184
Ford,Ford SUV 2.7L,SUV - STANDARD,2.7,6,AS10,X,12.6,5.7,10.3,27,243
Honda,Honda COMPACT 3.0L,COMPACT,3.0,6,AS10,X,13.8,8.1,11.9,24,281
Ford,Ford VAN 5.3L,VAN - PASSENGER,5.3,8,AM7,X,19.8,10.8,16.8,17,397
BMW,BMW SUBCOMPACT 5.0L,SUBCOMPACT,5.0,8,AV,X,20.4,8.4,16.4,17,381
GMC,GMC SUV 6.2L,SUV - STANDARD,6.2,8,A6,X,21.2,15.2,19.2,15,451
Ford,Ford VAN 3.5L,VAN - PASSENGER,3.5,6,M6,X,16.1,7.4,13.2,21,309
Jeep,Jeep MID-SIZE 1.5L,MID-SIZE,1.5,4,AS8,X,10.8,5.4,9.0,31,208
BMW,BMW TWO-SEATER 2.4L,TWO-SEATER,2.4,4,AS8,X,11.0,4.7,8.9,32,208
Ford,Ford VAN 6.2L,VAN - PASSENGER,6.2,8,A9,E,27.9,19.8,25.2,11,414
Honda,Honda MINIVAN 2.0L,MINIVAN,2.0,4,M6,Z,10.2,7.2,9.2,31,214
Nissan,Nissan MINIVAN 2.5L,MINIVAN,2.5,4,A8,X,11.8,5.2,9.6,29,227
Dodge,Dodge TWO-SEATER 3.0L,TWO-SEATER,3.0,6,AS8,Z,14.2,8.2,12.2,23,293
Volkswagen,Volkswagen STATION 3.6L,STATION WAGON - SMALL,3.6,6,AM7,Z,16.3,7.0,13.2,21,311
Jeep,Jeep PICKUP 2.0L,PICKUP TRUCK - SMALL,2.0,4,AS8,D,7.8,5.1,6.9,41,182
BMW,BMW TWO-SEATER 3.0L,TWO-SEATER,3.0,6,AV,Z,14.3,7.4,12.0,24,278
Chevrolet,Chevrolet VAN 3.3L,VAN - PASSENGER,3.3,6,A6,D,10.2,6.3,8.9,32,233
Hyundai,Hyundai PICKUP 4.0L,PICKUP TRUCK - STANDARD,4.0,8,AM7,X,17.0,9.8,14.6,19,336
Jeep,Jeep MINICOMPACT 1.8L,MINICOMPACT,1.8,4,M5,Z,9.9,6.9,8.9,32,206
Smart,Smart TWO-SEATER 1.0L,TWO-SEATER,1.0,3,A9,X,7.2,4.5,6.3,45,147
Mercedes-Benz,Mercedes-Benz SUBCOMPACT 2.5L,SUBCOMPACT,2.5,4,A6,E,16.0,7.0,13.0,22,212
Mercedes-Benz,Mercedes-Benz STATION 4.0L,STATION WAGON - SMALL,4.0,8,AS6,E,21.5,13.7,18.9,15,316
Hyundai,Hyundai VAN 5.0L,VAN - PASSENGER,5.0,8,AS8,X,18.4,11.5,16.1,18,380
BMW,BMW PICKUP 3.6L,PICKUP TRUCK - STANDARD,3.6,6,A6,X,14.3,8.3,12.3,23,289
Subaru,Subaru SUV 1.5L,SUV - SMALL,1.5,4,AM7,X,8.1,5.1,7.1,40,170
GMC,GMC MINIVAN 3.5L,MINIVAN,3.5,6,AM7,E,20.2,10.0,16.8,17,284
Mercedes-Benz,Mercedes-Benz COMPACT 2.4L,COMPACT,2.4,4,AM7,X,11.2,7.6,10.0,28,238
Hyundai,Hyundai MINICOMPACT 2.4L,MINICOMPACT,2.4,4,AS8,X,10.1,6.8,9.0,31,211
Hyundai,Hyundai SUV 3.0L,SUV - STANDARD,3.0,6,M6,Z,13.9,7.0,11.6,24,275
Ford,Ford SUV 3.0L,SUV - STANDARD,3.0,6,AS8,E,19.7,9.2,16.2,17,269
Lexus,Lexus MINICOMPACT 2.4L,MINICOMPACT,2.4,4,A8,Z,11.4,5.4,9.4,30,220
Toyota,Toyota FULL-SIZE 2.5L,FULL-SIZE,2.5,4,A8,Z,12.1,6.7,10.3,27,240
Jeep,Jeep COMPACT 2.4L,COMPACT,2.4,4,M6,X,11.8,7.3,10.3,27,243
BMW,BMW MID-SIZE 2.5L,MID-SIZE,2.5,4,M5,X,10.3,5.5,8.7,32,201
Lexus,Lexus SUBCOMPACT 3.5L,SUBCOMPACT,3.5,6,AS10,X,15.3,7.2,12.6,22,301
Mercedes-Benz,Mercedes-Benz MID-SIZE 5.0L,MID-SIZE,5.0,8,AS6,X,18.8,8.9,15.5,18,362
Ford,Ford SUV 3.6L,SUV - STANDARD,3.6,6,M5,X,15.4,6.4,12.4,23,290
Lexus,Lexus STATION 2.0L,STATION WAGON - SMALL,2.0,4,AV,E,15.4,8.2,13.0,22,218
Ford,Ford PICKUP 6.2L,PICKUP TRUCK - STANDARD,6.2,8,M5,X,21.0,10.8,17.6,16,417
BMW,BMW FULL-SIZE 4.0L,FULL-SIZE,4.0,8,AM7,X,15.2,10.4,13.6,21,322
Porsche,Porsche MINICOMPACT 1.8L,MINICOMPACT,1.8,3,M5,N,7.9,5.5,7.1,40,135
Porsche,Porsche MINICOMPACT 5.0L,MINICOMPACT,5.0,8,A9,Z,19.3,10.3,16.3,17,391
Audi,Audi FULL-SIZE 3.6L,FULL-SIZE,3.6,6,A9,X,15.2,8.0,12.8,22,305
Nissan,Nissan SUBCOMPACT 3.6L,SUBCOMPACT,3.6,6,AM7,X,14.5,6.1,11.7,24,279
Mercedes-Benz,Mercedes-Benz TWO-SEATER 3.0L,TWO-SEATER,3.0,6,AS8,E,20.2,8.2,16.2,17,270
BMW,BMW MINICOMPACT 3.6L,MINICOMPACT,3.6,6,AS8,X,15.4,9.7,13.5,21,325
BMW,BMW SUV 2.5L,SUV - STANDARD,2.5,4,M6,X,11.7,5.7,9.7,29,228
Honda,Honda VAN 1.5L,VAN - CARGO,1.5,4,AS6,X,8.7,5.1,7.5,38,177
Hyundai,Hyundai PICKUP 3.6L,PICKUP TRUCK - SMALL,3.6,6,AS6,X,13.4,9.2,12.0,24,283
Jeep,Jeep MINIVAN 3.6L,MINIVAN,3.6,6,M6,D,13.3,6.1,10.9,26,296
Hyundai,Hyundai MID-SIZE 3.0L,MID-SIZE,3.0,6,A9,Z,13.3,9.1,11.9,24,270
Ford,Ford FULL-SIZE 3.5L,FULL-SIZE,3.5,6,AV,X,15.3,9.3,13.3,21,314
Toyota,Toyota MINIVAN 1.5L,MINIVAN,1.5,4,AS10,E,12.3,6.3,10.3,27,168
Ford,Ford MINIVAN 2.4L,MINIVAN,2.4,4,A6,X,11.6,5.6,9.6,29,230
Audi,Audi FULL-SIZE 4.0L,FULL-SIZE,4.0,8,AM7,X,15.8,10.1,13.9,20,329
Mercedes-Benz,Mercedes-Benz STATION 3.6L,STATION WAGON - SMALL,3.6,6,M6,Z,17.5,9.4,14.8,19,345
Dodge,Dodge TWO-SEATER 2.4L,TWO-SEATER,2.4,4,A6,X,10.7,7.4,9.6,29,227
BMW,BMW STATION 5.0L,STATION WAGON - SMALL,5.0,8,AV,Z,18.4,10.9,15.9,18,374
Ford,Ford SUV 2.7L,SUV - STANDARD,2.7,6,M6,X,13.7,6.5,11.3,25,271
Ford,Ford MINIVAN 3.5L,MINIVAN,3.5,6,M5,N,15.0,6.3,12.1,23,222
Hyundai,Hyundai VAN 2.5L,VAN - CARGO,2.5,4,A9,Z,12.9,6.3,10.7,26,252
Nissan,Nissan PICKUP 5.0L,PICKUP TRUCK - SMALL,5.0,8,A9,X,18.8,9.8,15.8,18,370
Ford,Ford PICKUP 3.3L,PICKUP TRUCK - STANDARD,3.3,6,M6,X,13.5,9.3,12.1,23,281
Ford,Ford MINIVAN 2.4L,MINIVAN,2.4,4,AS10,E,16.2,9.3,13.9,20,235
Volkswagen,Volkswagen FULL-SIZE 5.0L,FULL-SIZE,5.0,8,A9,Z,21.1,8.8,17.0,17,402
Ford,Ford MINICOMPACT 5.0L,MINICOMPACT,5.0,8,A8,Z,17.8,12.1,15.9,18,370
Jeep,Jeep VAN 2.5L,VAN - PASSENGER,2.5,4,AS6,X,12.1,7.9,10.7,26,255
Volkswagen,Volkswagen VAN 3.5L,VAN - CARGO,3.5,6,M6,X,14.1,8.7,12.3,23,287
Ford,Ford VAN 3.5L,VAN - PASSENGER,3.5,6,A9,X,13.0,8.8,11.6,24,269
Ford,Ford SUBCOMPACT 2.4L,SUBCOMPACT,2.4,4,M5,X,11.1,7.2,9.8,29,217
Smart,Smart TWO-SEATER 1.0L,TWO-SEATER,1.0,3,AV,X,9.8,4.4,8.0,35,186
Mercedes-Benz,Mercedes-Benz PICKUP 1.8L,PICKUP TRUCK - STANDARD,1.8,4,M5,Z,12.1,5.5,9.9,29,226
Mercedes-Benz,Mercedes-Benz VAN 2.0L,VAN - CARGO,2.0,4,A9,E,14.2,8.5,12.3,23,208
Jeep,Jeep SUBCOMPACT 3.0L,SUBCOMPACT,3.0,6,AS6,X,12.4,6.4,10.4,27,248
Porsche,Porsche SUBCOMPACT 3.5L,SUBCOMPACT,3.5,6,A8,X,15.0,9.0,13.0,22,306
Smart,Smart TWO-SEATER 1.0L,TWO-SEATER,1.0,3,AM7,X,7.3,4.9,6.5,43,147
Hyundai,Hyundai SUV 2.4L,SUV - SMALL,2.4,4,AS10,Z,13.0,6.7,10.9,26,257
Mercedes-Benz,Mercedes-Benz PICKUP 4.0L,PICKUP TRUCK - STANDARD,4.0,8,A6,Z,17.3,11.6,15.4,18,360
Ford,Ford VAN 3.5L,VAN - PASSENGER,3.5,6,M5,X,15.7,8.5,13.3,21,315
Hyundai,Hyundai PICKUP 5.0L,PICKUP TRUCK - SMALL,5.0,8,A6,Z,18.3,12.0,16.2,17,380
Audi,Audi FULL-SIZE 2.0L,FULL-SIZE,2.0,3,M6,Z,9.8,6.5,8.7,32,207
Mercedes-Benz,Mercedes-Benz COMPACT 2.4L,COMPACT,2.4,4,AS10,X,13.1,5.6,10.6,27,257
Lexus,Lexus MINICOMPACT 2.5L,MINICOMPACT,2.5,4,A6,E,16.0,11.5,14.5,19,242
Ford,Ford PICKUP 6.2L,PICKUP TRUCK - STANDARD,6.2,8,A9,X,20.0,11.9,17.3,16,407
Toyota,Toyota SUBCOMPACT 3.0L,SUBCOMPACT,3.0,6,A8,E,18.2,12.2,16.2,17,262
Ford,Ford PICKUP 3.6L,PICKUP TRUCK - SMALL,3.6,6,A9,Z,15.1,9.1,13.1,22,308
Toyota,Toyota MID-SIZE 4.0L,MID-SIZE,4.0,8,M5,X,17.4,10.8,15.2,19,360
Ford,Ford MINICOMPACT 2.5L,MINICOMPACT,2.5,4,A8,X,12.1,6.4,10.2,28,244
Ford,Ford VAN 5.0L,VAN - PASSENGER,5.0,8,A9,X,19.2,11.7,16.7,17,394
Ford,Ford SUV 6.2L,SUV - STANDARD,6.2,8,AS10,E,29.5,12.1,23.7,12,384
Nissan,Nissan TWO-SEATER 3.5L,TWO-SEATER,3.5,6,A8,Z,15.5,7.4,12.8,22,304
Volkswagen,Volkswagen PICKUP 1.5L,PICKUP TRUCK - SMALL,1.5,4,AS6,X,9.3,4.5,7.7,37,189
Audi,Audi VAN 3.5L,VAN - PASSENGER,3.5,6,M6,N,13.4,8.9,11.9,24,213
Ram,Ram SUV 5.3L,SUV - STANDARD,5.3,8,A9,D,15.0,9.3,13.1,22,347
Mercedes-Benz,Mercedes-Benz PICKUP 3.5L,PICKUP TRUCK - SMALL,3.5,6,A8,Z,14.5,8.2,12.4,23,292
BMW,BMW PICKUP 3.5L,PICKUP TRUCK - SMALL,3.5,6,A8,Z,14.4,10.2,13.0,22,299
Dodge,Dodge PICKUP 3.0L,PICKUP TRUCK - SMALL,3.0,6,A9,Z,15.0,7.8,12.6,22,299
Chevrolet,Chevrolet PICKUP 5.0L,PICKUP TRUCK - STANDARD,5.0,8,AS6,D,15.0,9.3,13.1,22,353
Ram,Ram PICKUP 3.5L,PICKUP TRUCK - STANDARD,3.5,6,AV,X,15.5,6.5,12.5,23,292
Ford,Ford COMPACT 2.0L,COMPACT,2.0,3,AS6,Z,9.4,6.1,8.3,34,194
Ram,Ram PICKUP 2.7L,PICKUP TRUCK - STANDARD,2.7,6,A8,X,13.7,6.2,11.2,25,267
Ford,Ford VAN 6.2L,VAN - PASSENGER,6.2,8,M5,X,20.2,13.3,17.9,16,417
Lexus,Lexus MID-SIZE 3.5L,MID-SIZE,3.5,6,AV,X,14.8,6.7,12.1,23,285
Toyota,Toyota STATION 3.5L,STATION WAGON - SMALL,3.5,6,A9,Z,14.7,8.7,12.7,22,295
Smart,Smart TWO-SEATER 1.0L,TWO-SEATER,1.0,3,A9,X,7.0,3.5,5.7,50,140
Ford,Ford SUV 5.0L,SUV - STANDARD,5.0,8,M6,X,20.6,10.4,17.2,16,406
Audi,Audi MINIVAN 1.8L,MINIVAN,1.8,4,M5,E,12.3,8.4,11.0,26,184
Ram,Ram PICKUP 6.2L,PICKUP TRUCK - STANDARD,6.2,8,M6,X,20.8,12.4,18.0,16,418
Toyota,Toyota MINICOMPACT 3.6L,MINICOMPACT,3.6,6,A8,Z,16.2,8.4,13.6,21,320
Nissan,Nissan SUBCOMPACT 3.5L,SUBCOMPACT,3.5,6,M5,E,20.8,10.3,17.3,16,288
Honda,Honda PICKUP 1.8L,PICKUP TRUCK - STANDARD,1.8,4,A8,X,10.2,5.1,8.5,33,202
Toyota,Toyota FULL-SIZE 3.5L,FULL-SIZE,3.5,6,M6,X,16.5,7.8,13.6,21,316
Nissan,Nissan VAN 2.0L,VAN - PASSENGER,2.0,4,AS10,X,10.6,6.4,9.2,31,218
Audi,Audi SUV 2.0L,SUV - SMALL,2.0,4,AS8,Z,9.3,6.6,8.4,34,193
Lexus,Lexus TWO-SEATER 3.0L,TWO-SEATER,3.0,6,A8,Z,15.8,6.8,12.8,22,298
Ford,Ford PICKUP 3.5L,PICKUP TRUCK - SMALL,3.5,6,AS8,Z,16.6,7.0,13.4,21,312
BMW,BMW PICKUP 4.0L,PICKUP TRUCK - STANDARD,4.0,8,AS10,Z,16.7,10.4,14.6,19,340
Porsche,Porsche MINIVAN 2.0L,MINIVAN,2.0,4,M5,X,10.2,6.6,9.0,31,209
Lexus,Lexus COMPACT 3.6L,COMPACT,3.6,6,AV,E,21.3,10.5,17.7,16,296
Toyota,Toyota COMPACT 2.4L,COMPACT,2.4,4,AV,E,16.8,6.9,13.5,21,221
Nissan,Nissan PICKUP 3.0L,PICKUP TRUCK - STANDARD,3.0,6,A9,X,14.2,7.3,11.9,24,284
BMW,BMW SUBCOMPACT 2.4L,SUBCOMPACT,2.4,4,AS6,Z,13.3,6.1,10.9,26,256
Chevrolet,Chevrolet VAN 6.2L,VAN - PASSENGER,6.2,8,AS6,E,28.8,15.0,24.2,12,398
Toyota,Toyota VAN 3.0L,VAN - CARGO,3.0,6,AV,X,13.7,8.9,12.1,23,283
BMW,BMW MINIVAN 2.0L,MINIVAN,2.0,4,AS10,X,11.1,4.5,8.9,32,211
Audi,Audi SUV 2.4L,SUV - SMALL,2.4,4,A8,X,10.1,6.2,8.8,32,202
Ford,Ford VAN 6.2L,VAN - PASSENGER,6.2,8,A9,E,29.4,14.7,24.5,12,404
Ram,Ram PICKUP 5.3L,PICKUP TRUCK - STANDARD,5.3,8,AV,X,20.2,10.3,16.9,17,395
Smart,Smart TWO-SEATER 1.0L,TWO-SEATER,1.0,3,AS6,X,7.1,5.0,6.4,44,148
Honda,Honda SUBCOMPACT 2.4L,SUBCOMPACT,2.4,4,AV,Z,12.1,7.6,10.6,27,247
Audi,Audi TWO-SEATER 2.0L,TWO-SEATER,2.0,3,M5,Z,9.4,6.4,8.4,34,199
BMW,BMW SUV 1.5L,SUV - SMALL,1.5,4,AS6,X,9.2,5.6,8.0,35,184
Jeep,Jeep MINICOMPACT 1.5L,MINICOMPACT,1.5,4,AV,Z,9.9,4.8,8.2,34,191
Honda,Honda TWO-SEATER 3.6L,TWO-SEATER,3.6,6,AS10,Z,15.2,8.6,13.0,22,310
Chevrolet,Chevrolet PICKUP 3.3L,PICKUP TRUCK - STANDARD,3.3,6,A6,E,19.2,10.5,16.3,17,269
Lexus,Lexus COMPACT 2.4L,COMPACT,2.4,4,A8,Z,12.7,5.2,10.2,28,233
Jeep,Jeep MID-SIZE 2.4L,MID-SIZE,2.4,4,AM7,X,11.8,7.3,10.3,27,242
Porsche,Porsche COMPACT 5.0L,COMPACT,5.0,8,AV,X,18.4,13.3,16.7,17,390
Volkswagen,Volkswagen SUV 1.5L,SUV - SMALL,1.5,4,A6,X,9.3,5.7,8.1,35,185
Nissan,Nissan MINIVAN 2.0L,MINIVAN,2.0,4,AS8,E,14.6,8.0,12.4,23,208
Mercedes-Benz,Mercedes-Benz MID-SIZE 1.5L,MID-SIZE,1.5,4,AS6,X,10.7,4.7,8.7,32,200
Subaru,Subaru FULL-SIZE 3.6L,FULL-SIZE,3.6,6,A6,Z,14.9,10.4,13.4,21,320
Dodge,Dodge SUBCOMPACT 2.0L,SUBCOMPACT,2.0,4,AV,E,14.6,6.8,12.0,24,197
Ford,Ford PICKUP 3.5L,PICKUP TRUCK - STANDARD,3.5,6,A6,E,19.9,10.9,16.9,17,280
Ford,Ford SUV 5.3L,SUV - STANDARD,5.3,8,A6,X,19.9,13.0,17.6,16,417
Mercedes-Benz,Mercedes-Benz FULL-SIZE 1.5L,FULL-SIZE,1.5,4,A9,Z,9.2,5.0,7.8,36,185
Jeep,Jeep COMPACT 3.0L,COMPACT,3.0,6,AS6,X,12.8,8.6,11.4,25,267
Smart,Smart TWO-SEATER 1.0L,TWO-SEATER,1.0,3,A9,X,8.2,3.7,6.7,42,165
Chevrolet,Chevrolet VAN 6.2L,VAN - PASSENGER,6.2,8,M5,X,22.2,11.4,18.6,15,442
Nissan,Nissan PICKUP 1.5L,PICKUP TRUCK - STANDARD,1.5,4,M5,Z,10.1,7.1,9.1,31,216
Mercedes-Benz,Mercedes-Benz SUV 1.5L,SUV - STANDARD,1.5,4,A6,Z,11.0,5.3,9.1,31,216
Ram,Ram PICKUP 5.0L,PICKUP TRUCK - STANDARD,5.0,8,M6,X,18.7,9.4,15.6,18,363
GMC,GMC VAN 2.7L,VAN - PASSENGER,2.7,6,AS6,E,17.4,9.9,14.9,19,240
GMC,GMC MINICOMPACT 1.8L,MINICOMPACT,1.8,4,AV,Z,11.1,4.8,9.0,31,209
Toyota,Toyota SUBCOMPACT 4.0L,SUBCOMPACT,4.0,8,AM7,X,15.6,10.5,13.9,20,326
Mercedes-Benz,Mercedes-Benz SUV 3.6L,SUV - SMALL,3.6,6,AM7,X,14.2,9.1,12.5,23,298
BMW,BMW MINICOMPACT 3.6L,MINICOMPACT,3.6,6,AS6,X,15.5,8.3,13.1,22,305
Ford,Ford PICKUP 3.3L,PICKUP TRUCK - STANDARD,3.3,6,M5,E,19.1,8.9,15.7,18,253
Dodge,Dodge MID-SIZE 2.4L,MID-SIZE,2.4,4,AS10,Z,11.8,8.5,10.7,26,252
Jeep,Jeep PICKUP 2.5L,PICKUP TRUCK - STANDARD,2.5,4,AS8,Z,13.1,8.3,11.5,25,270
Smart,Smart TWO-SEATER 1.0L,TWO-SEATER,1.0,3,AS6,X,7.3,4.3,6.3,45,136
Smart,Smart TWO-SEATER 1.0L,TWO-SEATER,1.0,3,M5,X,6.5,3.8,5.6,50,134
Audi,Audi COMPACT 3.6L,COMPACT,3.6,6,A6,X,15.0,9.0,13.0,22,311
Hyundai,Hyundai TWO-SEATER 2.4L,TWO-SEATER,2.4,4,AS6,Z,12.0,6.0,10.0,28,233
Porsche,Porsche TWO-SEATER 5.0L,TWO-SEATER,5.0,8,AV,Z,19.6,9.4,16.2,17,383
GMC,GMC SUV 3.3L,SUV - STANDARD,3.3,6,M5,X,13.5,9.3,12.1,23,283
Chevrolet,Chevrolet VAN 3.3L,VAN - PASSENGER,3.3,6,AS6,X,14.7,7.2,12.2,23,290
Toyota,Toyota VAN 3.6L,VAN - CARGO,3.6,6,M5,X,12.2,8.6,11.0,26,260
Ford,Ford MINIVAN 3.5L,MINIVAN,3.5,6,A8,Z,15.9,8.4,13.4,21,312
Porsche,Porsche MID-SIZE 3.6L,MID-SIZE,3.6,6,M6,E,19.9,13.9,17.9,16,290
Nissan,Nissan FULL-SIZE 2.4L,FULL-SIZE,2.4,4,AS8,X,11.4,6.6,9.8,29,235
Chevrolet,Chevrolet SUV 3.5L,SUV - STANDARD,3.5,6,AM7,X,15.5,6.8,12.6,22,296
Honda,Honda PICKUP 2.0L,PICKUP TRUCK - STANDARD,2.0,4,A9,Z,9.7,6.4,8.6,33,204
Nissan,Nissan TWO-SEATER 2.5L,TWO-SEATER,2.5,4,AV,X,11.7,6.6,10.0,28,239
BMW,BMW VAN 3.5L,VAN - CARGO,3.5,6,AV,Z,13.4,9.5,12.1,23,285
Ford,Ford VAN 2.7L,VAN - PASSENGER,2.7,6,M6,X,11.9,8.0,10.6,27,249
Honda,Honda FULL-SIZE 1.8L,FULL-SIZE,1.8,4,A8,E,14.2,6.7,11.7,24,194
Toyota,Toyota MINIVAN 1.8L,MINIVAN,1.8,4,A9,Z,10.4,5.6,8.8,32,217
Hyundai,Hyundai SUV 2.5L,SUV - STANDARD,2.5,4,AS8,X,11.9,7.1,10.3,27,239
Toyota,Toyota MID-SIZE 3.0L,MID-SIZE,3.0,6,AM7,X,13.1,8.3,11.5,25,274
GMC,GMC SUV 6.2L,SUV - STANDARD,6.2,8,AV,E,27.5,20.0,25.0,11,412
Audi,Audi FULL-SIZE 1.5L,FULL-SIZE,1.5,4,M5,Z,8.7,5.7,7.7,37,186
Audi,Audi VAN 4.0L,VAN - CARGO,4.0,8,AS6,Z,16.3,11.2,14.6,19,343
Dodge,Dodge PICKUP 5.0L,PICKUP TRUCK - SMALL,5.0,8,A9,X,17.1,12.3,15.5,18,365
Mercedes-Benz,Mercedes-Benz TWO-SEATER 2.4L,TWO-SEATER,2.4,4,A6,Z,12.3,7.8,10.8,26,253
Ford,Ford VAN 3.3L,VAN - PASSENGER,3.3,6,AV,E,18.6,9.6,15.6,18,263
Ford,Ford SUV 5.3L,SUV - STANDARD,5.3,8,AS6,X,20.2,10.0,16.8,17,399
Hyundai,Hyundai STATION 2.4L,STATION WAGON - SMALL,2.4,4,AM7,Z,10.9,7.0,9.6,29,223
Nissan,Nissan MID-SIZE 1.5L,MID-SIZE,1.5,3,AS10,X,8.7,5.7,7.7,37,176
Volkswagen,Volkswagen MINIVAN 3.0L,MINIVAN,3.0,6,M6,X,13.8,7.5,11.7,24,280
Chevrolet,Chevrolet FULL-SIZE 1.8L,FULL-SIZE,1.8,4,AM7,Z,11.1,6.6,9.6,29,224
Ford,Ford SUBCOMPACT 4.0L,SUBCOMPACT,4.0,8,M5,Z,16.5,10.2,14.4,20,342
Ford,Ford VAN 5.0L,VAN - PASSENGER,5.0,8,AS8,X,18.1,11.8,16.0,18,382
BMW,BMW MINIVAN 5.0L,MINIVAN,5.0,8,AM7,X,19.2,7.8,15.4,18,361
Audi,Audi MINIVAN 3.6L,MINIVAN,3.6,6,AS8,X,14.8,9.1,12.9,22,305
Mercedes-Benz,Mercedes-Benz SUBCOMPACT 5.0L,SUBCOMPACT,5.0,8,AS6,X,19.9,8.5,16.1,18,375
Mercedes-Benz,Mercedes-Benz VAN 3.0L,VAN - PASSENGER,3.0,6,AM7,Z,14.4,6.6,11.8,24,266
Lexus,Lexus FULL-SIZE 5.0L,FULL-SIZE,5.0,8,AS6,X,20.3,8.6,16.4,17,380
BMW,BMW MINICOMPACT 2.0L,MINICOMPACT,2.0,4,AM7,X,9.0,6.0,8.0,35,186
Toyota,Toyota SUV 3.0L,SUV - STANDARD,3.0,6,AS10,E,17.2,10.9,15.1,19,242
Hyundai,Hyundai COMPACT 2.5L,COMPACT,2.5,4,AM7,Z,12.0,5.7,9.9,29,228
Mercedes-Benz,Mercedes-Benz MINIVAN 2.4L,MINIVAN,2.4,4,A8,Z,10.6,7.6,9.6,29,229
Nissan,Nissan MID-SIZE 2.5L,MID-SIZE,2.5,4,A6,Z,12.2,5.0,9.8,29,232
Dodge,Dodge COMPACT 3.6L,COMPACT,3.6,6,AV,Z,16.2,8.1,13.5,21,313
Porsche,Porsche SUV 3.0L,SUV - STANDARD,3.0,6,A9,Z,14.0,5.9,11.3,25,268
Ford,Ford COMPACT 3.6L,COMPACT,3.6,6,A6,Z,16.0,8.5,13.5,21,319
Subaru,Subaru VAN 2.4L,VAN - CARGO,2.4,4,AS8,X,12.4,5.5,10.1,28,242
Toyota,Toyota SUV 1.8L,SUV - SMALL,1.8,4,AM7,X,10.3,6.7,9.1,31,213
Chevrolet,Chevrolet VAN 5.3L,VAN - PASSENGER,5.3,8,AM7,E,27.6,12.3,22.5,13,361
Toyota,Toyota MID-SIZE 2.0L,MID-SIZE,2.0,4,AS8,X,11.1,6.3,9.5,30,220
Bugatti,Bugatti TWO-SEATER 6.5L,TWO-SEATER,6.5,12,AM7,Z,25.2,15.3,21.9,13,514
Toyota,Toyota STATION 5.0L,STATION WAGON - SMALL,5.0,8,A6,X,19.3,9.4,16.0,18,380
BMW,BMW SUV 2.0L,SUV - SMALL,2.0,4,A6,Z,11.2,7.9,10.1,28,240
Nissan,Nissan MINICOMPACT 1.5L,MINICOMPACT,1.5,4,AS8,X,7.9,5.8,7.2,39,177
Chevrolet,Chevrolet PICKUP 2.7L,PICKUP TRUCK - STANDARD,2.7,6,AS6,E,19.7,8.0,15.8,18,262
Ford,Ford MINICOMPACT 3.0L,MINICOMPACT,3.0,6,M5,E,17.8,12.7,16.1,18,266
Ford,Ford SUV 5.0L,SUV - STANDARD,5.0,8,AM7,X,18.5,11.6,16.2,17,376
Ford,Ford COMPACT 1.5L,COMPACT,1.5,4,M6,Z,9.9,6.3,8.7,32,193
Chevrolet,Chevrolet PICKUP 1.8L,PICKUP TRUCK - STANDARD,1.8,4,AV,Z,11.6,5.0,9.4,30,213
Ford,Ford TWO-SEATER 1.8L,TWO-SEATER,1.8,4,M5,X,9.5,6.8,8.6,33,204
Nissan,Nissan SUV 1.8L,SUV - STANDARD,1.8,4,AM7,Z,11.8,7.0,10.2,28,249
Chevrolet,Chevrolet MINICOMPACT 3.0L,MINICOMPACT,3.0,6,AS8,E,17.5,9.4,14.8,19,246
BMW,BMW MID-SIZE 2.5L,MID-SIZE,2.5,4,M6,X,10.8,5.1,8.9,32,215
Lexus,Lexus SUV 2.0L,SUV - SMALL,2.0,3,A9,X,10.2,4.8,8.4,34,203
Toyota,Toyota PICKUP 3.0L,PICKUP TRUCK - SMALL,3.0,6,AS8,X,13.0,7.3,11.1,25,258
Honda,Honda VAN 3.5L,VAN - PASSENGER,3.5,6,A8,Z,15.5,9.8,13.6,21,321
Chevrolet,Chevrolet SUV 6.2L,SUV - STANDARD,6.2,8,A8,X,21.4,11.2,18.0,16,421
Chevrolet,Chevrolet VAN 3.5L,VAN - PASSENGER,3.5,6,AS8,X,15.0,6.6,12.2,23,290
Ford,Ford PICKUP 3.0L,PICKUP TRUCK - STANDARD,3.0,6,AV,X,13.1,9.2,11.8,24,275
Chevrolet,Chevrolet SUV 5.0L,SUV - STANDARD,5.0,8,A6,X,18.2,9.5,15.3,18,351
BMW,BMW SUV 5.0L,SUV - SMALL,5.0,8,A9,X,18.5,12.8,16.6,17,396
Chevrolet,Chevrolet SUV 6.2L,SUV - STANDARD,6.2,8,M5,X,21.4,10.6,17.8,16,412
Ford,Ford SUV 5.3L,SUV - STANDARD,5.3,8,M6,X,20.6,11.0,17.4,16,403
Ford,Ford TWO-SEATER 3.5L,TWO-SEATER,3.5,6,AV,X,14.3,10.4,13.0,22,309
Toyota,Toyota FULL-SIZE 2.0L,FULL-SIZE,2.0,4,M6,D,8.0,5.6,7.2,39,196
Chevrolet,Chevrolet VAN 3.6L,VAN - PASSENGER,3.6,6,AS8,X,13.6,8.8,12.0,24,284
BMW,BMW MINICOMPACT 1.5L,MINICOMPACT,1.5,4,A8,Z,11.1,5.1,9.1,31,210
Toyota,Toyota COMPACT 3.5L,COMPACT,3.5,6,M5,X,14.9,8.0,12.6,22,292
Honda,Honda SUV 5.0L,SUV - SMALL,5.0,8,AV,X,17.7,9.9,15.1,19,357
Ford,Ford SUBCOMPACT 3.5L,SUBCOMPACT,3.5,6,M5,Z,14.2,10.3,12.9,22,310
Jeep,Jeep MINIVAN 3.5L,MINIVAN,3.5,6,A9,X,14.1,9.9,12.7,22,295
Nissan,Nissan VAN 4.0L,VAN - PASSENGER,4.0,8,AS6,X,15.6,9.6,13.6,21,319
Ford,Ford SUV 6.2L,SUV - STANDARD,6.2,8,AS8,E,30.4,13.6,24.8,11,406
Dodge,Dodge SUV 2.5L,SUV - SMALL,2.5,4,AV,Z,12.1,5.5,9.9,29,236
Subaru,Subaru SUBCOMPACT 3.0L,SUBCOMPACT,3.0,6,M6,E,17.8,12.1,15.9,18,255
Ford,Ford VAN 3.3L,VAN - PASSENGER,3.3,6,AV,X,14.0,7.7,11.9,24,290
BMW,BMW PICKUP 4.0L,PICKUP TRUCK - SMALL,4.0,8,AM7,E,23.3,11.9,19.5,14,319
Jeep,Jeep MINIVAN 5.0L,MINIVAN,5.0,8,A6,X,18.4,10.9,15.9,18,371
Volkswagen,Volkswagen VAN 3.5L,VAN - PASSENGER,3.5,6,M5,Z,18.3,7.8,14.8,19,349
Chevrolet,Chevrolet VAN 3.3L,VAN - PASSENGER,3.3,6,M6,X,14.9,7.4,12.4,23,297
Chevrolet,Chevrolet VAN 3.5L,VAN - PASSENGER,3.5,6,A6,X,14.9,10.1,13.3,21,318
Mercedes-Benz,Mercedes-Benz SUV 3.5L,SUV - SMALL,3.5,6,AV,E,17.9,12.5,16.1,18,267
Toyota,Toyota SUBCOMPACT 5.0L,SUBCOMPACT,5.0,8,A8,E,26.6,13.4,22.2,13,366
Nissan,Nissan FULL-SIZE 2.4L,FULL-SIZE,2.4,4,AV,E,16.5,7.8,13.6,21,227
BMW,BMW FULL-SIZE 5.0L,FULL-SIZE,5.0,8,M5,X,18.7,9.4,15.6,18,365
Toyota,Toyota COMPACT 1.5L,COMPACT,1.5,3,AS10,E,12.6,5.4,10.2,28,170
Volkswagen,Volkswagen STATION 3.0L,STATION WAGON - SMALL,3.0,6,AV,X,13.3,8.8,11.8,24,271
Ford,Ford SUBCOMPACT 2.0L,SUBCOMPACT,2.0,4,AS8,Z,12.9,6.6,10.8,26,255
Chevrolet,Chevrolet VAN 2.7L,VAN - PASSENGER,2.7,6,M5,X,11.6,7.7,10.3,27,243
Volkswagen,Volkswagen SUBCOMPACT 3.0L,SUBCOMPACT,3.0,6,A6,X,13.0,7.0,11.0,26,257
Lexus,Lexus VAN 3.0L,VAN - CARGO,3.0,6,A9,N,14.0,8.9,12.3,23,215
Toyota,Toyota MINIVAN 5.0L,MINIVAN,5.0,8,AS10,Z,19.7,12.8,17.4,16,414
Audi,Audi MINICOMPACT 2.4L,MINICOMPACT,2.4,4,A8,X,12.6,5.1,10.1,28,239
Ford,Ford PICKUP 5.0L,PICKUP TRUCK - STANDARD,5.0,8,M6,X,18.4,8.5,15.1,19,359
Mercedes-Benz,Mercedes-Benz STATION 5.0L,STATION WAGON - SMALL,5.0,8,A8,Z,19.9,10.0,16.6,17,393
Audi,Audi SUBCOMPACT 1.5L,SUBCOMPACT,1.5,4,A9,X,9.3,6.3,8.3,34,192
Chevrolet,Chevrolet MINIVAN 5.0L,MINIVAN,5.0,8,M5,X,19.9,8.5,16.1,18,385
Chevrolet,Chevrolet MINICOMPACT 1.5L,MINICOMPACT,1.5,4,AS6,X,8.8,4.9,7.5,38,181
Mercedes-Benz,Mercedes-Benz PICKUP 2.0L,PICKUP TRUCK - SMALL,2.0,4,A6,X,10.0,6.4,8.8,32,212
Ford,Ford PICKUP 2.7L,PICKUP TRUCK - STANDARD,2.7,6,A8,D,11.7,4.8,9.4,30,254
BMW,BMW COMPACT 1.5L,COMPACT,1.5,4,AV,X,10.0,5.5,8.5,33,192
Chevrolet,Chevrolet VAN 5.3L,VAN - PASSENGER,5.3,8,AS8,X,18.6,12.9,16.7,17,397
BMW,BMW SUBCOMPACT 2.4L,SUBCOMPACT,2.4,4,A9,X,10.1,6.5,8.9,32,207
Ford,Ford MINIVAN 3.5L,MINIVAN,3.5,6,AM7,X,14.3,9.8,12.8,22,290
Lexus,Lexus SUV 1.5L,SUV - STANDARD,1.5,4,AS6,X,9.4,6.4,8.4,34,195
Nissan,Nissan MID-SIZE 2.0L,MID-SIZE,2.0,4,A6,X,9.8,5.6,8.4,34,198
Honda,Honda STATION 1.5L,STATION WAGON - SMALL,1.5,4,AS6,Z,10.3,6.4,9.0,31,211
Hyundai,Hyundai FULL-SIZE 1.8L,FULL-SIZE,1.8,4,AS8,Z,10.3,4.6,8.4,34,199
Toyota,Toyota VAN 2.0L,VAN - CARGO,2.0,4,AV,X,11.7,4.8,9.4,30,219
Ford,Ford PICKUP 2.4L,PICKUP TRUCK - STANDARD,2.4,4,AS8,Z,12.3,5.7,10.1,28,241
Audi,Audi SUBCOMPACT 3.0L,SUBCOMPACT,3.0,6,A9,D,11.7,6.3,9.9,29,265
Audi,Audi COMPACT 1.8L,COMPACT,1.8,4,A9,X,8.8,5.8,7.8,36,191
Volkswagen,Volkswagen MINICOMPACT 2.0L,MINICOMPACT,2.0,4,AV,X,10.9,6.1,9.3,30,219
Mercedes-Benz,Mercedes-Benz STATION 2.5L,STATION WAGON - SMALL,2.5,4,M5,X,10.7,6.5,9.3,30,221
Ford,Ford SUV 6.2L,SUV - STANDARD,6.2,8,M6,X,22.2,12.9,19.1,15,448
BMW,BMW SUV 5.0L,SUV - SMALL,5.0,8,AS6,E,26.1,11.1,21.1,13,351
BMW,BMW TWO-SEATER 1.8L,TWO-SEATER,1.8,4,AV,X,9.6,5.7,8.3,34,188
Nissan,Nissan MID-SIZE 3.6L,MID-SIZE,3.6,6,A9,X,15.6,7.8,13.0,22,302
Audi,Audi COMPACT 3.6L,COMPACT,3.6,6,AS10,X,14.3,7.7,12.1,23,292
BMW,BMW PICKUP 1.8L,PICKUP TRUCK - STANDARD,1.8,3,AS6,Z,10.8,6.9,9.5,30,222
Smart,Smart TWO-SEATER 1.0L,TWO-SEATER,1.0,3,A6,X,6.9,4.2,6.0,47,139
Nissan,Nissan VAN 5.0L,VAN - PASSENGER,5.0,8,AS6,X,18.7,8.2,15.2,19,355
Chevrolet,Chevrolet VAN 2.7L,VAN - PASSENGER,2.7,6,AM7,E,17.6,7.1,14.1,20,238
Ford,Ford PICKUP 2.7L,PICKUP TRUCK - STANDARD,2.7,6,AS6,X,12.8,8.9,11.5,25,276
Chevrolet,Chevrolet FULL-SIZE 5.0L,FULL-SIZE,5.0,8,AV,Z,20.2,10.3,16.9,17,400
Chevrolet,Chevrolet PICKUP 3.3L,PICKUP TRUCK - STANDARD,3.3,6,A9,X,13.1,9.2,11.8,24,274
Chevrolet,Chevrolet PICKUP 2.7L,PICKUP TRUCK - STANDARD,2.7,6,M5,D,10.8,7.5,9.7,29,249
Chevrolet,Chevrolet VAN 6.2L,VAN - PASSENGER,6.2,8,AS6,X,20.5,12.7,17.9,16,427
BMW,BMW COMPACT 2.5L,COMPACT,2.5,4,AS8,X,12.2,6.2,10.2,28,244
Chevrolet,Chevrolet PICKUP 5.3L,PICKUP TRUCK - STANDARD,5.3,8,AS10,X,21.0,10.5,17.5,16,408
Lexus,Lexus VAN 2.0L,VAN - PASSENGER,2.0,4,A9,X,10.2,6.3,8.9,32,210
Ford,Ford COMPACT 3.0L,COMPACT,3.0,6,M6,X,13.7,9.8,12.4,23,295
Toyota,Toyota COMPACT 2.5L,COMPACT,2.5,4,A8,Z,13.6,6.1,11.1,25,258
Mercedes-Benz,Mercedes-Benz PICKUP 2.5L,PICKUP TRUCK - SMALL,2.5,4,AV,E,14.3,10.1,12.9,22,213
Bugatti,Bugatti TWO-SEATER 6.0L,TWO-SEATER,6.0,12,AS10,Z,24.4,11.2,20.0,14,467
Ford,Ford PICKUP 3.0L,PICKUP TRUCK - STANDARD,3.0,6,A9,E,18.0,7.5,14.5,19,244
Mercedes-Benz,Mercedes-Benz VAN 3.5L,VAN - CARGO,3.5,6,M6,X,15.5,7.7,12.9,22,304
Ram,Ram PICKUP 5.3L,PICKUP TRUCK - STANDARD,5.3,8,AS8,D,16.5,8.1,13.7,21,367
Dodge,Dodge STATION 1.8L,STATION WAGON - SMALL,1.8,4,A9,Z,11.2,4.9,9.1,31,219
Jeep,Jeep MINICOMPACT 2.0L,MINICOMPACT,2.0,4,M6,X,10.0,5.2,8.4,34,198
Chevrolet,Chevrolet COMPACT 3.0L,COMPACT,3.0,6,AS8,Z,12.5,5.9,10.3,27,243
Chevrolet,Chevrolet MID-SIZE 1.8L,MID-SIZE,1.8,4,M5,X,10.3,4.6,8.4,34,196
Honda,Honda TWO-SEATER 4.0L,TWO-SEATER,4.0,8,A8,Z,17.2,7.9,14.1,20,336
Subaru,Subaru SUV 2.4L,SUV - SMALL,2.4,4,AV,Z,13.2,6.0,10.8,26,251
Audi,Audi STATION 1.8L,STATION WAGON - SMALL,1.8,4,A6,X,9.4,4.6,7.8,36,182
Audi,Audi SUBCOMPACT 3.5L,SUBCOMPACT,3.5,6,AS6,X,12.9,7.8,11.2,25,262
BMW,BMW VAN 2.4L,VAN - CARGO,2.4,4,A6,Z,12.4,7.6,10.8,26,252
Hyundai,Hyundai MID-SIZE 1.5L,MID-SIZE,1.5,4,AV,Z,9.1,4.3,7.5,38,178
Chevrolet,Chevrolet PICKUP 5.0L,PICKUP TRUCK - STANDARD,5.0,8,M5,X,19.3,9.1,15.9,18,375
BMW,BMW COMPACT 1.5L,COMPACT,1.5,3,AS10,Z,9.4,4.6,7.8,36,181
Mercedes-Benz,Mercedes-Benz SUV 2.4L,SUV - SMALL,2.4,4,AV,X,12.0,7.8,10.6,27,248
Toyota,Toyota MINIVAN 2.5L,MINIVAN,2.5,4,AS8,X,11.1,6.0,9.4,30,226
Chevrolet,Chevrolet MINIVAN 1.8L,MINIVAN,1.8,4,M5,E,13.7,6.5,11.3,25,190
Ford,Ford SUV 5.0L,SUV - SMALL,5.0,8,AS8,Z,20.4,11.1,17.3,16,406
Nissan,Nissan MINICOMPACT 1.8L,MINICOMPACT,1.8,4,AS10,Z,10.5,7.5,9.5,30,219
BMW,BMW VAN 2.5L,VAN - PASSENGER,2.5,4,AS6,X,11.2,7.0,9.8,29,236
Audi,Audi SUBCOMPACT 2.5L,SUBCOMPACT,2.5,4,A8,Z,11.8,6.1,9.9,29,229
Chevrolet,Chevrolet SUV 6.2L,SUV - STANDARD,6.2,8,M5,X,21.2,8.6,17.0,17,409
Toyota,Toyota MINIVAN 3.6L,MINIVAN,3.6,6,A8,X,14.9,8.3,12.7,22,293
Audi,Audi PICKUP 2.0L,PICKUP TRUCK - SMALL,2.0,4,M6,Z,11.1,7.5,9.9,29,236
Ford,Ford SUV 5.0L,SUV - STANDARD,5.0,8,AM7,E,25.2,14.7,21.7,13,351
BMW,BMW SUBCOMPACT 2.0L,SUBCOMPACT,2.0,4,AS6,X,9.0,5.4,7.8,36,182
Ford,Ford FULL-SIZE 3.0L,FULL-SIZE,3.0,6,AS8,X,12.7,6.1,10.5,27,250
Ford,Ford SUV 6.2L,SUV - STANDARD,6.2,8,AS6,X,20.2,13.9,18.1,16,424
Smart,Smart TWO-SEATER 1.0L,TWO-SEATER,1.0,3,AS10,X,9.2,3.8,7.4,38,176
BMW,BMW FULL-SIZE 3.0L,FULL-SIZE,3.0,6,A8,X,12.6,8.7,11.3,25,268
Jeep,Jeep PICKUP 3.5L,PICKUP TRUCK - STANDARD,3.5,6,AV,E,21.6,9.0,17.4,16,284
Chevrolet,Chevrolet SUV 6.2L,SUV - STANDARD,6.2,8,AS10,E,27.8,16.4,24.0,12,396
Honda,Honda SUBCOMPACT 2.4L,SUBCOMPACT,2.4,4,A8,X,10.9,6.4,9.4,30,217
Hyundai,Hyundai SUBCOMPACT 4.0L,SUBCOMPACT,4.0,8,AS10,Z,16.4,11.3,14.7,19,341
Nissan,Nissan MID-SIZE 2.5L,MID-SIZE,2.5,4,M5,D,9.5,5.0,8.0,35,220
Toyota,Toyota COMPACT 2.5L,COMPACT,2.5,4,M5,Z,11.2,6.7,9.7,29,221
Mercedes-Benz,Mercedes-Benz MINIVAN 3.5L,MINIVAN,3.5,6,A8,X,16.4,7.7,13.5,21,318
BMW,BMW MINIVAN 1.8L,MINIVAN,1.8,4,AS8,Z,11.1,4.8,9.0,31,208
Subaru,Subaru STATION 3.6L,STATION WAGON - SMALL,3.6,6,M6,X,14.8,8.2,12.6,22,300
GMC,GMC MID-SIZE 1.8L,MID-SIZE,1.8,4,AV,X,10.0,5.2,8.4,34,195
Ram,Ram MID-SIZE 4.0L,MID-SIZE,4.0,8,M5,Z,18.3,11.7,16.1,18,383
Ford,Ford VAN 3.0L,VAN - PASSENGER,3.0,6,M6,Z,13.5,8.1,11.7,24,275
Volkswagen,Volkswagen SUBCOMPACT 3.6L,SUBCOMPACT,3.6,6,AS10,X,14.1,9.6,12.6,22,298
Subaru,Subaru SUBCOMPACT 2.0L,SUBCOMPACT,2.0,4,A8,N,9.7,6.7,8.7,32,160
Chevrolet,Chevrolet SUV 6.2L,SUV - STANDARD,6.2,8,AS10,E,27.8,18.5,24.7,11,407
Ford,Ford VAN 5.3L,VAN - PASSENGER,5.3,8,A8,X,20.2,12.1,17.5,16,412
Volkswagen,Volkswagen FULL-SIZE 2.4L,FULL-SIZE,2.4,4,A9,X,10.7,5.6,9.0,31,209
Audi,Audi SUBCOMPACT 5.0L,SUBCOMPACT,5.0,8,AV,X,19.1,10.4,16.2,17,390
GMC,GMC STATION 3.6L,STATION WAGON - SMALL,3.6,6,A9,Z,14.2,10.0,12.8,22,291
Ford,Ford SUV 3.0L,SUV - STANDARD,3.0,6,M5,Z,16.2,6.9,13.1,22,306
Jeep,Jeep COMPACT 3.6L,COMPACT,3.6,6,AV,Z,14.6,10.1,13.1,22,313
Chevrolet,Chevrolet SUV 3.6L,SUV - SMALL,3.6,6,A6,X,14.6,7.7,12.3,23,289
Chevrolet,Chevrolet PICKUP 3.3L,PICKUP TRUCK - STANDARD,3.3,6,A6,X,15.3,6.6,12.4,23,290
Chevrolet,Chevrolet SUV 5.3L,SUV - STANDARD,5.3,8,AS10,X,20.9,10.4,17.4,16,409
Jeep,Jeep PICKUP 4.0L,PICKUP TRUCK - STANDARD,4.0,8,A9,E,22.9,12.4,19.4,15,324
Honda,Honda COMPACT 4.0L,COMPACT,4.0,8,A6,X,17.9,7.1,14.3,20,343
Toyota,Toyota SUBCOMPACT 3.5L,SUBCOMPACT,3.5,6,AV,Z,15.8,7.4,13.0,22,302
BMW,BMW VAN 1.5L,VAN - CARGO,1.5,4,AS10,Z,10.9,5.5,9.1,31,213
Dodge,Dodge SUV 1.8L,SUV - SMALL,1.8,4,AS10,Z,9.6,5.4,8.2,34,188
Mercedes-Benz,Mercedes-Benz SUV 4.0L,SUV - STANDARD,4.0,8,A6,X,15.7,9.1,13.5,21,315
Jeep,Jeep PICKUP 4.0L,PICKUP TRUCK - STANDARD,4.0,8,AV,Z,16.6,11.8,15.0,19,354
Mercedes-Benz,Mercedes-Benz TWO-SEATER 3.0L,TWO-SEATER,3.0,6,AM7,X,14.5,7.0,12.0,24,276
Mercedes-Benz,Mercedes-Benz TWO-SEATER 5.0L,TWO-SEATER,5.0,8,AM7,Z,20.2,10.9,17.1,17,408
Toyota,Toyota STATION 4.0L,STATION WAGON - SMALL,4.0,8,AV,X,18.6,7.5,14.9,19,359
BMW,BMW SUV 3.6L,SUV - SMALL,3.6,6,AV,X,13.8,9.6,12.4,23,292
Volkswagen,Volkswagen VAN 3.0L,VAN - CARGO,3.0,6,AS10,Z,14.5,8.5,12.5,23,289
Toyota,Toyota SUV 3.0L,SUV - STANDARD,3.0,6,AS6,X,14.0,6.8,11.6,24,275
Chevrolet,Chevrolet VAN 3.5L,VAN - PASSENGER,3.5,6,AS6,X,15.8,7.1,12.9,22,308
Lexus,Lexus FULL-SIZE 3.0L,FULL-SIZE,3.0,6,A8,D,12.2,6.5,10.3,27,282
Mercedes-Benz,Mercedes-Benz TWO-SEATER 2.5L,TWO-SEATER,2.5,4,A8,Z,12.0,4.8,9.6,29,219
Audi,Audi MID-SIZE 3.6L,MID-SIZE,3.6,6,A6,Z,14.4,10.2,13.0,22,302
Lexus,Lexus VAN 3.5L,VAN - CARGO,3.5,6,AS6,X,13.9,9.1,12.3,23,289
Nissan,Nissan PICKUP 1.5L,PICKUP TRUCK - STANDARD,1.5,4,M5,X,8.5,4.6,7.2,39,173
Ford,Ford PICKUP 2.0L,PICKUP TRUCK - STANDARD,2.0,4,AS6,X,10.7,5.9,9.1,31,216
Subaru,Subaru MINICOMPACT 1.8L,MINICOMPACT,1.8,4,A6,X,10.2,4.2,8.2,34,202
Nissan,Nissan MINIVAN 3.5L,MINIVAN,3.5,6,AM7,E,20.7,11.1,17.5,16,287
BMW,BMW FULL-SIZE 3.6L,FULL-SIZE,3.6,6,A6,X,14.7,7.2,12.2,23,287
Ford,Ford PICKUP 6.2L,PICKUP TRUCK - STANDARD,6.2,8,A6,X,21.3,10.2,17.6,16,417
Jeep,Jeep SUBCOMPACT 1.5L,SUBCOMPACT,1.5,4,AS8,Z,9.6,6.9,8.7,32,197
Nissan,Nissan SUBCOMPACT 2.4L,SUBCOMPACT,2.4,4,AS6,E,14.7,7.8,12.4,23,202
Audi,Audi SUV 2.5L,SUV - STANDARD,2.5,4,AS8,X,11.5,7.0,10.0,28,232
Lexus,Lexus PICKUP 5.0L,PICKUP TRUCK - STANDARD,5.0,8,AS6,Z,21.0,9.0,17.0,17,398
Hyundai,Hyundai MINIVAN 2.4L,MINIVAN,2.4,4,AS10,X,13.5,5.7,10.9,26,256
Chevrolet,Chevrolet SUV 3.3L,SUV - STANDARD,3.3,6,AS6,X,13.3,8.8,11.8,24,277
BMW,BMW VAN 4.0L,VAN - CARGO,4.0,8,M6,X,16.7,10.4,14.6,19,346
Chevrolet,Chevrolet SUBCOMPACT 1.5L,SUBCOMPACT,1.5,4,AS8,Z,10.0,5.5,8.5,33,194
Volkswagen,Volkswagen PICKUP 5.0L,PICKUP TRUCK - SMALL,5.0,8,AS8,Z,20.7,9.0,16.8,17,396
Ford,Ford PICKUP 5.3L,PICKUP TRUCK - STANDARD,5.3,8,AV,X,21.3,11.1,17.9,16,422
Audi,Audi TWO-SEATER 5.0L,TWO-SEATER,5.0,8,AV,Z,19.7,10.7,16.7,17,382
Hyundai,Hyundai STATION 2.4L,STATION WAGON - SMALL,2.4,4,M5,Z,12.1,5.5,9.9,29,239
Dodge,Dodge MINICOMPACT 1.5L,MINICOMPACT,1.5,4,AS10,Z,11.0,7.1,9.7,29,224
BMW,BMW VAN 5.0L,VAN - PASSENGER,5.0,8,M6,Z,19.9,13.9,17.9,16,424
Jeep,Jeep VAN 2.4L,VAN - PASSENGER,2.4,4,A9,E,14.3,9.5,12.7,22,213
Ford,Ford PICKUP 1.8L,PICKUP TRUCK - STANDARD,1.8,4,M5,X,10.2,6.0,8.8,32,213
GMC,GMC PICKUP 5.3L,PICKUP TRUCK - STANDARD,5.3,8,AS10,E,26.5,16.6,23.2,12,381
Ford,Ford PICKUP 5.0L,PICKUP TRUCK - STANDARD,5.0,8,A6,X,18.5,11.9,16.3,17,387
Mercedes-Benz,Mercedes-Benz MID-SIZE 5.0L,MID-SIZE,5.0,8,AS6,Z,19.7,12.2,17.2,16,403
Jeep,Jeep SUV 2.5L,SUV - SMALL,2.5,4,A6,X,11.8,7.6,10.4,27,240
Ford,Ford SUV 3.3L,SUV - STANDARD,3.3,6,M5,X,14.9,7.1,12.3,23,294
Chevrolet,Chevrolet SUV 5.3L,SUV - STANDARD,5.3,8,AS6,X,20.4,12.0,17.6,16,415
Volkswagen,Volkswagen FULL-SIZE 4.0L,FULL-SIZE,4.0,8,AS6,Z,16.6,10.6,14.6,19,346
Volkswagen,Volkswagen MINIVAN 3.6L,MINIVAN,3.6,6,A9,X,13.2,9.0,11.8,24,276
Nissan,Nissan MINICOMPACT 3.5L,MINICOMPACT,3.5,6,A6,X,17.3,7.4,14.0,20,326
Honda,Honda COMPACT 3.5L,COMPACT,3.5,6,AS6,Z,15.4,11.2,14.0,20,330
Audi,Audi SUV 1.5L,SUV - STANDARD,1.5,4,A9,X,8.8,4.3,7.3,39,170
Chevrolet,Chevrolet SUV 5.3L,SUV - STANDARD,5.3,8,AS10,E,27.8,12.2,22.6,12,369
BMW,BMW SUV 5.0L,SUV - SMALL,5.0,8,A9,E,24.6,13.2,20.8,14,340
Chevrolet,Chevrolet TWO-SEATER 3.5L,TWO-SEATER,3.5,6,A9,X,15.1,6.4,12.2,23,285
Lexus,Lexus VAN 4.0L,VAN - PASSENGER,4.0,8,AS6,X,16.1,10.1,14.1,20,330
Audi,Audi VAN 4.0L,VAN - CARGO,4.0,8,AS8,E,22.5,13.8,19.6,14,322
Mercedes-Benz,Mercedes-Benz VAN 2.5L,VAN - PASSENGER,2.5,4,AV,Z,12.4,8.2,11.0,26,260
Toyota,Toyota MINIVAN 2.5L,MINIVAN,2.5,4,M5,X,11.4,6.3,9.7,29,226
Porsche,Porsche VAN 1.5L,VAN - PASSENGER,1.5,4,M5,Z,9.9,5.7,8.5,33,204
Chevrolet,Chevrolet SUV 2.4L,SUV - SMALL,2.4,4,AM7,X,10.6,4.3,8.5,33,199
Audi,Audi MINIVAN 1.5L,MINIVAN,1.5,4,M5,Z,10.6,4.9,8.7,32,196
Toyota,Toyota STATION 1.5L,STATION WAGON - SMALL,1.5,4,A8,Z,8.7,5.7,7.7,37,181
Nissan,Nissan STATION 3.0L,STATION WAGON - SMALL,3.0,6,A9,E,19.8,8.4,16.0,18,266
Ford,Ford SUV 6.2L,SUV - STANDARD,6.2,8,A8,X,21.9,9.0,17.6,16,414
Dodge,Dodge MID-SIZE 3.6L,MID-SIZE,3.6,6,AM7,X,15.0,9.0,13.0,22,305
Subaru,Subaru PICKUP 2.0L,PICKUP TRUCK - SMALL,2.0,4,AS8,Z,12.6,6.0,10.4,27,251
Audi,Audi MINICOMPACT 1.8L,MINICOMPACT,1.8,3,M5,X,9.4,5.5,8.1,35,182
Honda,Honda STATION 2.4L,STATION WAGON - SMALL,2.4,4,A6,X,10.7,7.7,9.7,29,229
Subaru,Subaru TWO-SEATER 4.0L,TWO-SEATER,4.0,8,A6,Z,16.1,9.5,13.9,20,328
Volkswagen,Volkswagen MINICOMPACT 1.8L,MINICOMPACT,1.8,4,M6,D,9.4,5.8,8.2,34,218
Chevrolet,Chevrolet MID-SIZE 4.0L,MID-SIZE,4.0,8,AV,X,16.8,7.8,13.8,20,328
Audi,Audi STATION 4.0L,STATION WAGON - SMALL,4.0,8,M6,X,17.1,8.7,14.3,20,341
Nissan,Nissan COMPACT 4.0L,COMPACT,4.0,8,AS8,Z,18.4,7.9,14.9,19,341
Mercedes-Benz,Mercedes-Benz TWO-SEATER 5.0L,TWO-SEATER,5.0,8,A8,X,17.2,11.2,15.2,19,356
Volkswagen,Volkswagen COMPACT 3.6L,COMPACT,3.6,6,AV,X,16.1,7.1,13.1,22,305
Subaru,Subaru VAN 2.5L,VAN - PASSENGER,2.5,4,AS8,D,8.9,5.9,7.9,36,208
Subaru,Subaru SUV 3.6L,SUV - STANDARD,3.6,6,AS10,E,20.9,9.2,17.0,17,281
Toyota,Toyota PICKUP 2.4L,PICKUP TRUCK - SMALL,2.4,4,A9,X,10.5,5.1,8.7,32,201
Ford,Ford PICKUP 3.3L,PICKUP TRUCK - STANDARD,3.3,6,M5,X,13.4,6.2,11.0,26,257
Bugatti,Bugatti COMPACT 6.2L,COMPACT,6.2,12,AV,Z,25.4,13.7,21.5,13,499
GMC,GMC VAN 1.5L,VAN - CARGO,1.5,4,A8,X,9.1,6.4,8.2,34,192
Ford,Ford SUV 5.0L,SUV - STANDARD,5.0,8,AM7,X,18.4,10.0,15.6,18,361
Subaru,Subaru SUV 3.0L,SUV - SMALL,3.0,6,A8,D,11.5,5.2,9.4,30,250
Dodge,Dodge PICKUP 1.5L,PICKUP TRUCK - STANDARD,1.5,4,M5,X,8.8,5.2,7.6,37,179
Toyota,Toyota VAN 3.0L,VAN - PASSENGER,3.0,6,A9,X,13.3,6.7,11.1,25,259
Nissan,Nissan SUV 3.0L,SUV - STANDARD,3.0,6,A9,Z,14.2,8.8,12.4,23,293
Mercedes-Benz,Mercedes-Benz MINIVAN 3.5L,MINIVAN,3.5,6,AV,Z,14.1,9.9,12.7,22,295
Ford,Ford VAN 3.3L,VAN - PASSENGER,3.3,6,M6,X,14.4,9.3,12.7,22,301
BMW,BMW PICKUP 4.0L,PICKUP TRUCK - SMALL,4.0,8,AM7,X,16.1,9.5,13.9,20,332
Jeep,Jeep PICKUP 2.0L,PICKUP TRUCK - STANDARD,2.0,4,AS8,X,11.0,5.3,9.1,31,209
Ford,Ford MINIVAN 4.0L,MINIVAN,4.0,8,M6,X,17.2,8.2,14.2,20,335
BMW,BMW MINICOMPACT 1.8L,MINICOMPACT,1.8,4,A6,Z,10.7,4.4,8.6,33,202
Mercedes-Benz,Mercedes-Benz COMPACT 1.5L,COMPACT,1.5,3,M5,Z,9.8,5.6,8.4,34,192
Audi,Audi SUBCOMPACT 1.8L,SUBCOMPACT,1.8,4,A9,E,13.4,6.8,11.2,25,190
Lexus,Lexus MINICOMPACT 1.8L,MINICOMPACT,1.8,4,AS6,Z,10.2,5.7,8.7,32,206
BMW,BMW SUBCOMPACT 2.5L,SUBCOMPACT,2.5,4,M6,X,9.7,6.7,8.7,32,192
BMW,BMW VAN 1.5L,VAN - CARGO,1.5,4,M5,E,12.1,7.6,10.6,27,175
Volkswagen,Volkswagen PICKUP 3.6L,PICKUP TRUCK - STANDARD,3.6,6,AS10,X,13.4,8.9,11.9,24,280
Toyota,Toyota PICKUP 1.5L,PICKUP TRUCK - STANDARD,1.5,3,AM7,Z,8.4,4.5,7.1,40,167
Chevrolet,Chevrolet SUV 2.7L,SUV - STANDARD,2.7,6,A6,E,17.1,9.6,14.6,19,235
Toyota,Toyota TWO-SEATER 1.8L,TWO-SEATER,1.8,4,AV,Z,9.6,6.6,8.6,33,201
Ford,Ford PICKUP 5.0L,PICKUP TRUCK - STANDARD,5.0,8,M5,X,18.6,13.2,16.8,17,396
Chevrolet,Chevrolet VAN 1.5L,VAN - PASSENGER,1.5,4,A6,X,7.9,5.5,7.1,40,170
Toyota,Toyota MINICOMPACT 5.0L,MINICOMPACT,5.0,8,A6,X,17.4,12.0,15.6,18,369
Mercedes-Benz,Mercedes-Benz SUV 2.5L,SUV - STANDARD,2.5,4,AS8,Z,12.0,5.7,9.9,29,234
Lexus,Lexus VAN 3.6L,VAN - PASSENGER,3.6,6,M6,Z,14.4,10.2,13.0,22,295
BMW,BMW MID-SIZE 1.5L,MID-SIZE,1.5,4,A6,E,12.9,6.9,10.9,26,183
Audi,Audi FULL-SIZE 3.5L,FULL-SIZE,3.5,6,A9,Z,16.3,8.2,13.6,21,323
Nissan,Nissan SUV 2.5L,SUV - STANDARD,2.5,4,A9,X,11.8,7.6,10.4,27,248
Ford,Ford VAN 2.7L,VAN - PASSENGER,2.7,6,AM7,X,13.3,6.1,10.9,26,258
Honda,Honda SUV 3.0L,SUV - STANDARD,3.0,6,AS8,X,13.4,6.8,11.2,25,269
Chevrolet,Chevrolet VAN 2.7L,VAN - PASSENGER,2.7,6,AV,X,13.1,5.6,10.6,27,253
Ram,Ram VAN 3.5L,VAN - PASSENGER,3.5,6,M5,E,21.0,8.4,16.8,17,274
Ford,Ford SUV 5.0L,SUV - STANDARD,5.0,8,AS8,X,20.5,9.7,16.9,17,395
Mercedes-Benz,Mercedes-Benz MINICOMPACT 5.0L,MINICOMPACT,5.0,8,A8,E,26.0,13.4,21.8,13,350
Ford,Ford SUV 2.7L,SUV - STANDARD,2.7,6,A6,X,12.4,7.9,10.9,26,258
Smart,Smart TWO-SEATER 1.0L,TWO-SEATER,1.0,3,AS10,X,8.6,4.4,7.2,39,166
Toyota,Toyota STATION 3.5L,STATION WAGON - SMALL,3.5,6,AS6,X,14.1,8.4,12.2,23,281
Nissan,Nissan PICKUP 5.0L,PICKUP TRUCK - STANDARD,5.0,8,A9,Z,19.1,13.1,17.1,17,404
Ford,Ford PICKUP 1.5L,PICKUP TRUCK - SMALL,1.5,4,M5,Z,9.1,6.7,8.3,34,198
Volkswagen,Volkswagen VAN 3.5L,VAN - PASSENGER,3.5,6,A9,X,15.7,7.9,13.1,22,309
Chevrolet,Chevrolet VAN 6.2L,VAN - PASSENGER,6.2,8,AS10,X,21.1,14.2,18.8,15,443
Lexus,Lexus SUV 3.6L,SUV - STANDARD,3.6,6,AS6,E,18.6,11.7,16.3,17,275
Chevrolet,Chevrolet PICKUP 3.3L,PICKUP TRUCK - STANDARD,3.3,6,AV,X,13.7,8.3,11.9,24,285
Chevrolet,Chevrolet VAN 5.3L,VAN - PASSENGER,5.3,8,AS8,X,17.6,10.7,15.3,18,359
Ford,Ford VAN 3.3L,VAN - PASSENGER,3.3,6,M5,X,13.3,9.1,11.9,24,283
Toyota,Toyota SUV 1.5L,SUV - SMALL,1.5,4,M5,Z,11.3,5.0,9.2,31,217
Audi,Audi SUV 3.6L,SUV - SMALL,3.6,6,AS6,E,20.5,10.9,17.3,16,285
Ford,Ford STATION 1.5L,STATION WAGON - SMALL,1.5,4,M6,E,11.2,5.8,9.4,30,154
Hyundai,Hyundai SUV 3.6L,SUV - SMALL,3.6,6,AS8,X,15.1,10.6,13.6,21,315
Toyota,Toyota MINICOMPACT 1.8L,MINICOMPACT,1.8,4,AS6,Z,9.0,5.4,7.8,36,184
Toyota,Toyota TWO-SEATER 3.0L,TWO-SEATER,3.0,6,AV,D,10.7,6.5,9.3,30,250
Mercedes-Benz,Mercedes-Benz FULL-SIZE 4.0L,FULL-SIZE,4.0,8,A9,X,16.5,7.5,13.5,21,315
Mercedes-Benz,Mercedes-Benz STATION 3.0L,STATION WAGON - SMALL,3.0,6,A9,Z,14.9,6.8,12.2,23,282
Audi,Audi SUV 3.5L,SUV - SMALL,3.5,6,M6,Z,14.6,7.1,12.1,23,274
Chevrolet,Chevrolet SUV 5.3L,SUV - STANDARD,5.3,8,AS8,X,18.9,12.6,16.8,17,393
Chevrolet,Chevrolet VAN 3.3L,VAN - PASSENGER,3.3,6,AS6,E,17.7,11.7,15.7,18,265
Dodge,Dodge FULL-SIZE 3.6L,FULL-SIZE,3.6,6,A9,X,14.7,6.3,11.9,24,281
Porsche,Porsche TWO-SEATER 1.8L,TWO-SEATER,1.8,4,M5,X,8.9,5.9,7.9,36,182
Mercedes-Benz,Mercedes-Benz MINIVAN 2.4L,MINIVAN,2.4,4,A9,Z,12.3,5.7,10.1,28,245
BMW,BMW MID-SIZE 3.5L,MID-SIZE,3.5,6,AS6,Z,15.5,10.7,13.9,20,323
Nissan,Nissan PICKUP 2.5L,PICKUP TRUCK - SMALL,2.5,4,AS6,Z,11.9,7.7,10.5,27,249
Mercedes-Benz,Mercedes-Benz VAN 1.8L,VAN - PASSENGER,1.8,4,AV,Z,12.5,6.8,10.6,27,250
Ford,Ford PICKUP 2.7L,PICKUP TRUCK - STANDARD,2.7,6,AS8,X,12.4,5.5,10.1,28,236
Chevrolet,Chevrolet VAN 3.3L,VAN - PASSENGER,3.3,6,AS6,X,13.9,9.1,12.3,23,287
Volkswagen,Volkswagen SUV 2.5L,SUV - STANDARD,2.5,4,AM7,X,11.7,6.3,9.9,29,228
Honda,Honda STATION 2.0L,STATION WAGON - SMALL,2.0,3,A8,Z,9.9,5.7,8.5,33,198
Ford,Ford VAN 2.7L,VAN - PASSENGER,2.7,6,M6,X,11.9,8.0,10.6,27,245
Chevrolet,Chevrolet PICKUP 5.0L,PICKUP TRUCK - STANDARD,5.0,8,AS6,X,20.0,10.7,16.9,17,393
Chevrolet,Chevrolet SUBCOMPACT 2.5L,SUBCOMPACT,2.5,4,AM7,X,11.7,5.7,9.7,29,232
Honda,Honda MINIVAN 4.0L,MINIVAN,4.0,8,M6,N,15.4,9.7,13.5,21,241
Ford,Ford PICKUP 6.2L,PICKUP TRUCK - STANDARD,6.2,8,AS6,D,19.4,9.8,16.2,17,433
Ford,Ford PICKUP 2.7L,PICKUP TRUCK - STANDARD,2.7,6,AV,E,19.5,8.7,15.9,18,265
Jeep,Jeep STATION 3.6L,STATION WAGON - SMALL,3.6,6,M6,Z,15.8,7.7,13.1,22,309
Chevrolet,Chevrolet SUBCOMPACT 1.8L,SUBCOMPACT,1.8,4,A6,D,8.2,4.9,7.1,40,187
Honda,Honda SUBCOMPACT 1.8L,SUBCOMPACT,1.8,4,AM7,X,10.7,4.4,8.6,33,192
Chevrolet,Chevrolet MID-SIZE 3.0L,MID-SIZE,3.0,6,AS6,X,12.5,6.5,10.5,27,243
Ford,Ford PICKUP 5.0L,PICKUP TRUCK - STANDARD,5.0,8,AS10,X,19.9,9.1,16.3,17,379
Chevrolet,Chevrolet COMPACT 1.5L,COMPACT,1.5,4,M5,X,11.7,5.7,9.7,29,229
Volkswagen,Volkswagen MID-SIZE 2.0L,MID-SIZE,2.0,4,A8,Z,10.2,6.9,9.1,31,213
GMC,GMC SUBCOMPACT 1.5L,SUBCOMPACT,1.5,4,AS8,Z,9.8,6.2,8.6,33,204
GMC,GMC SUV 3.5L,SUV - STANDARD,3.5,6,A9,X,14.8,6.7,12.1,23,288
Mercedes-Benz,Mercedes-Benz MID-SIZE 2.0L,MID-SIZE,2.0,4,AS8,X,10.2,6.6,9.0,31,216
Honda,Honda SUV 4.0L,SUV - SMALL,4.0,8,AS8,Z,19.1,9.2,15.8,18,372
Chevrolet,Chevrolet VAN 2.7L,VAN - PASSENGER,2.7,6,AS10,X,12.9,6.3,10.7,26,255
BMW,BMW SUV 1.8L,SUV - STANDARD,1.8,4,AS6,Z,11.0,5.3,9.1,31,209
Lexus,Lexus SUV 2.4L,SUV - SMALL,2.4,4,AM7,Z,12.9,6.3,10.7,26,256
Ford,Ford SUV 5.3L,SUV - STANDARD,5.3,8,AS6,E,28.1,12.2,22.8,12,379
Ford,Ford TWO-SEATER 2.0L,TWO-SEATER,2.0,4,A9,X,9.5,6.2,8.4,34,202
Chevrolet,Chevrolet VAN 2.7L,VAN - PASSENGER,2.7,6,A9,X,13.9,6.1,11.3,25,268
Ford,Ford VAN 6.2L,VAN - PASSENGER,6.2,8,A9,X,20.1,14.4,18.2,16,433
Chevrolet,Chevrolet PICKUP 5.0L,PICKUP TRUCK - STANDARD,5.0,8,A9,D,15.6,10.8,14.0,20,371
Audi,Audi MINICOMPACT 2.0L,MINICOMPACT,2.0,4,AS10,Z,11.5,4.9,9.3,30,222
Mercedes-Benz,Mercedes-Benz PICKUP 3.5L,PICKUP TRUCK - SMALL,3.5,6,AS6,Z,16.8,7.5,13.7,21,322
Lexus,Lexus VAN 2.0L,VAN - CARGO,2.0,3,A6,X,11.2,4.6,9.0,31,212
Jeep,Jeep MID-SIZE 4.0L,MID-SIZE,4.0,8,AM7,X,17.2,9.4,14.6,19,340
BMW,BMW SUV 2.4L,SUV - SMALL,2.4,4,A8,X,11.9,5.3,9.7,29,232
Chevrolet,Chevrolet PICKUP 5.0L,PICKUP TRUCK - STANDARD,5.0,8,A9,X,19.0,9.7,15.9,18,374
Mercedes-Benz,Mercedes-Benz SUBCOMPACT 2.5L,SUBCOMPACT,2.5,4,A9,Z,12.3,6.0,10.2,28,240
Nissan,Nissan SUBCOMPACT 5.0L,SUBCOMPACT,5.0,8,AS10,X,20.4,10.8,17.2,16,415
Chevrolet,Chevrolet PICKUP 5.3L,PICKUP TRUCK - STANDARD,5.3,8,A6,X,21.2,10.1,17.5,16,420
Nissan,Nissan MID-SIZE 3.5L,MID-SIZE,3.5,6,AS6,Z,16.6,8.8,14.0,20,332
Mercedes-Benz,Mercedes-Benz COMPACT 4.0L,COMPACT,4.0,8,AS6,E,22.6,11.2,18.8,15,317
Audi,Audi SUV 2.4L,SUV - SMALL,2.4,4,AS6,X,13.0,6.1,10.7,26,254
Mercedes-Benz,Mercedes-Benz SUV 2.0L,SUV - STANDARD,2.0,4,A9,Z,10.6,6.7,9.3,30,217
BMW,BMW STATION 3.0L,STATION WAGON - SMALL,3.0,6,AM7,X,13.3,9.1,11.9,24,276
Porsche,Porsche COMPACT 2.0L,COMPACT,2.0,4,AV,X,10.3,7.3,9.3,30,219
Hyundai,Hyundai PICKUP 3.5L,PICKUP TRUCK - SMALL,3.5,6,M6,Z,15.8,10.7,14.1,20,342
Ford,Ford MID-SIZE 5.0L,MID-SIZE,5.0,8,AV,X,19.9,9.7,16.5,17,399
Dodge,Dodge VAN 3.6L,VAN - CARGO,3.6,6,AM7,X,16.0,6.4,12.8,22,299
Toyota,Toyota MINICOMPACT 1.8L,MINICOMPACT,1.8,4,A8,X,11.5,4.9,9.3,30,218
Lexus,Lexus SUV 3.0L,SUV - SMALL,3.0,6,AV,Z,14.4,7.8,12.2,23,289
Jeep,Jeep MINIVAN 3.6L,MINIVAN,3.6,6,A9,X,15.5,7.1,12.7,22,300
Mercedes-Benz,Mercedes-Benz PICKUP 2.0L,PICKUP TRUCK - STANDARD,2.0,4,AV,Z,10.2,6.3,8.9,32,205
Ford,Ford VAN 2.0L,VAN - CARGO,2.0,4,M5,E,14.4,6.3,11.7,24,193
Chevrolet,Chevrolet PICKUP 3.6L,PICKUP TRUCK - STANDARD,3.6,6,M6,Z,16.0,7.9,13.3,21,317
Audi,Audi SUV 2.0L,SUV - SMALL,2.0,4,M6,X,9.5,5.9,8.3,34,197
Nissan,Nissan SUBCOMPACT 3.6L,SUBCOMPACT,3.6,6,AM7,D,13.5,6.0,11.0,26,293
Chevrolet,Chevrolet PICKUP 2.0L,PICKUP TRUCK - STANDARD,2.0,4,A8,X,9.4,5.2,8.0,35,186
Ford,Ford PICKUP 1.5L,PICKUP TRUCK - SMALL,1.5,4,A8,Z,9.2,4.4,7.6,37,172
GMC,GMC VAN 6.2L,VAN - PASSENGER,6.2,8,A9,X,19.5,13.2,17.4,16,402
Bugatti,Bugatti COMPACT 6.5L,COMPACT,6.5,12,AV,Z,27.7,13.6,23.0,12,537
Toyota,Toyota MINICOMPACT 1.5L,MINICOMPACT,1.5,4,M5,Z,9.6,4.8,8.0,35,190
Chevrolet,Chevrolet SUV 3.5L,SUV - STANDARD,3.5,6,A6,X,14.3,6.5,11.7,24,278
BMW,BMW MID-SIZE 2.0L,MID-SIZE,2.0,4,A6,Z,10.2,6.6,9.0,31,210
Ford,Ford MINIVAN 5.0L,MINIVAN,5.0,8,A9,Z,19.2,11.4,16.6,17,386
Lexus,Lexus MID-SIZE 3.5L,MID-SIZE,3.5,6,A6,Z,17.4,8.7,14.5,19,348
Ford,Ford MINICOMPACT 2.4L,MINICOMPACT,2.4,4,AV,X,11.1,6.0,9.4,30,222
Audi,Audi FULL-SIZE 2.0L,FULL-SIZE,2.0,4,A8,Z,9.9,6.6,8.8,32,200
BMW,BMW PICKUP 4.0L,PICKUP TRUCK - SMALL,4.0,8,AS8,Z,18.4,7.9,14.9,19,358
Audi,Audi MINICOMPACT 3.0L,MINICOMPACT,3.0,6,AM7,X,13.3,8.5,11.7,24,279
Honda,Honda PICKUP 3.5L,PICKUP TRUCK - STANDARD,3.5,6,AS6,Z,15.1,8.5,12.9,22,308
Jeep,Jeep FULL-SIZE 3.6L,FULL-SIZE,3.6,6,AS6,Z,16.9,7.9,13.9,20,333
Chevrolet,Chevrolet VAN 5.3L,VAN - PASSENGER,5.3,8,AV,X,19.6,13.0,17.4,16,413
Ford,Ford COMPACT 2.0L,COMPACT,2.0,4,AM7,E,14.3,6.5,11.7,24,195
Ford,Ford VAN 5.3L,VAN - PASSENGER,5.3,8,A6,X,20.6,8.3,16.5,17,385
Lexus,Lexus PICKUP 3.6L,PICKUP TRUCK - STANDARD,3.6,6,AV,Z,15.2,7.7,12.7,22,297
Dodge,Dodge PICKUP 5.0L,PICKUP TRUCK - STANDARD,5.0,8,A8,Z,20.4,8.7,16.5,17,388
Nissan,Nissan PICKUP 1.8L,PICKUP TRUCK - STANDARD,1.8,4,M5,X,10.0,6.4,8.8,32,213
Nissan,Nissan SUV 3.5L,SUV - STANDARD,3.5,6,AM7,E,19.6,12.7,17.3,16,286
Honda,Honda COMPACT 2.0L,COMPACT,2.0,4,A6,E,15.1,7.3,12.5,23,210
Chevrolet,Chevrolet TWO-SEATER 2.0L,TWO-SEATER,2.0,4,M5,X,10.9,6.7,9.5,30,221
Lexus,Lexus MINIVAN 3.6L,MINIVAN,3.6,6,AV,X,15.2,8.0,12.8,22,304
Mercedes-Benz,Mercedes-Benz COMPACT 1.8L,COMPACT,1.8,4,A9,Z,11.0,6.8,9.6,29,229
Mercedes-Benz,Mercedes-Benz MINICOMPACT 1.5L,MINICOMPACT,1.5,4,AS8,X,9.0,4.5,7.5,38,180
Toyota,Toyota SUV 1.8L,SUV - STANDARD,1.8,4,AS8,Z,11.4,5.4,9.4,30,217
Ford,Ford SUV 6.2L,SUV - STANDARD,6.2,8,M5,E,31.0,14.2,25.4,11,419
Chevrolet,Chevrolet VAN 5.0L,VAN - PASSENGER,5.0,8,AM7,X,18.5,8.6,15.2,19,363
Volkswagen,Volkswagen SUBCOMPACT 4.0L,SUBCOMPACT,4.0,8,A8,X,17.5,9.4,14.8,19,345
Ford,Ford MID-SIZE 1.5L,MID-SIZE,1.5,4,M6,E,12.3,6.0,10.2,28,168
Nissan,Nissan VAN 2.0L,VAN - PASSENGER,2.0,4,A9,X,11.3,4.7,9.1,31,211
Chevrolet,Chevrolet PICKUP 5.0L,PICKUP TRUCK - STANDARD,5.0,8,AS10,X,18.9,10.2,16.0,18,370
Mercedes-Benz,Mercedes-Benz SUV 3.5L,SUV - STANDARD,3.5,6,AM7,X,13.2,7.5,11.3,25,265
BMW,BMW PICKUP 5.0L,PICKUP TRUCK - STANDARD,5.0,8,A8,X,18.3,11.1,15.9,18,374
BMW,BMW FULL-SIZE 4.0L,FULL-SIZE,4.0,8,M5,Z,17.1,10.5,14.9,19,341
Volkswagen,Volkswagen MID-SIZE 1.5L,MID-SIZE,1.5,4,AS8,X,9.9,4.8,8.2,34,193
BMW,BMW SUV 5.0L,SUV - STANDARD,5.0,8,AS8,X,19.2,10.5,16.3,17,383
Audi,Audi MINIVAN 2.0L,MINIVAN,2.0,3,AS6,Z,11.3,5.3,9.3,30,216
Toyota,Toyota TWO-SEATER 4.0L,TWO-SEATER,4.0,8,A6,D,13.7,8.9,12.1,23,326
Honda,Honda SUBCOMPACT 5.0L,SUBCOMPACT,5.0,8,M5,Z,18.6,11.7,16.3,17,390
Subaru,Subaru MINICOMPACT 3.5L,MINICOMPACT,3.5,6,AV,X,13.6,7.0,11.4,25,269
Volkswagen,Volkswagen MINICOMPACT 3.5L,MINICOMPACT,3.5,6,M5,X,16.7,8.9,14.1,20,335
Chevrolet,Chevrolet SUV 5.0L,SUV - STANDARD,5.0,8,AS8,X,19.7,11.6,17.0,17,403
Ford,Ford SUV 5.3L,SUV - STANDARD,5.3,8,M5,X,18.6,13.5,16.9,17,397
Chevrolet,Chevrolet PICKUP 3.6L,PICKUP TRUCK - SMALL,3.6,6,A9,X,14.8,9.7,13.1,22,303
Nissan,Nissan COMPACT 3.6L,COMPACT,3.6,6,M5,X,15.4,8.5,13.1,22,315
Ford,Ford PICKUP 2.7L,PICKUP TRUCK - STANDARD,2.7,6,A6,D,11.6,7.7,10.3,27,281
Toyota,Toyota VAN 2.0L,VAN - PASSENGER,2.0,4,AS6,E,13.8,9.9,12.5,23,203
Nissan,Nissan PICKUP 4.0L,PICKUP TRUCK - STANDARD,4.0,8,M6,X,17.4,6.9,13.9,20,322
BMW,BMW PICKUP 3.6L,PICKUP TRUCK - STANDARD,3.6,6,M5,X,14.4,9.9,12.9,22,300
Hyundai,Hyundai SUV 5.0L,SUV - SMALL,5.0,8,AS10,X,18.3,9.6,15.4,18,366
Ford,Ford PICKUP 3.0L,PICKUP TRUCK - SMALL,3.0,6,A8,X,14.0,6.5,11.5,25,267
Ford,Ford VAN 2.7L,VAN - PASSENGER,2.7,6,A6,X,13.2,6.3,10.9,26,255
Volkswagen,Volkswagen MINIVAN 2.5L,MINIVAN,2.5,4,AS6,Z,11.8,5.8,9.8,29,229
Toyota,Toyota STATION 2.5L,STATION WAGON - SMALL,2.5,4,AV,E,14.9,8.9,12.9,22,210
Honda,Honda COMPACT 5.0L,COMPACT,5.0,8,AV,Z,19.6,12.1,17.1,17,394
Mercedes-Benz,Mercedes-Benz PICKUP 2.5L,PICKUP TRUCK - SMALL,2.5,4,AS8,E,16.8,8.1,13.9,20,224
Chevrolet,Chevrolet VAN 5.3L,VAN - PASSENGER,5.3,8,AM7,X,20.2,9.4,16.6,17,388
Jeep,Jeep SUV 1.8L,SUV - STANDARD,1.8,4,M5,X,9.4,6.1,8.3,34,192
Jeep,Jeep VAN 5.0L,VAN - PASSENGER,5.0,8,M6,X,20.4,9.9,16.9,17,391
Honda,Honda STATION 3.0L,STATION WAGON - SMALL,3.0,6,A6,X,12.2,8.6,11.0,26,260
BMW,BMW SUV 1.5L,SUV - SMALL,1.5,4,AS10,X,10.4,4.7,8.5,33,193
Nissan,Nissan STATION 5.0L,STATION WAGON - SMALL,5.0,8,AM7,X,19.6,10.0,16.4,17,387
BMW,BMW FULL-SIZE 3.6L,FULL-SIZE,3.6,6,A9,X,14.9,8.3,12.7,22,297
Ford,Ford VAN 2.5L,VAN - PASSENGER,2.5,4,AV,Z,11.6,6.8,10.0,28,231
Lexus,Lexus PICKUP 2.0L,PICKUP TRUCK - SMALL,2.0,4,M5,X,9.2,5.6,8.0,35,194
Ford,Ford SUV 3.5L,SUV - STANDARD,3.5,6,AS8,E,19.3,12.7,17.1,17,279
Porsche,Porsche VAN 2.5L,VAN - CARGO,2.5,4,AM7,X,11.8,5.5,9.7,29,232
Mercedes-Benz,Mercedes-Benz SUBCOMPACT 3.0L,SUBCOMPACT,3.0,6,M5,Z,15.0,6.3,12.1,23,290
Chevrolet,Chevrolet PICKUP 3.3L,PICKUP TRUCK - STANDARD,3.3,6,A6,E,20.5,9.1,16.7,17,275
Audi,Audi SUV 5.0L,SUV - SMALL,5.0,8,AV,X,19.4,11.0,16.6,17,389
Dodge,Dodge MINICOMPACT 4.0L,MINICOMPACT,4.0,8,A9,Z,19.0,9.7,15.9,18,377
Volkswagen,Volkswagen VAN 4.0L,VAN - PASSENGER,4.0,8,A6,E,21.9,10.5,18.1,16,294
Jeep,Jeep MID-SIZE 2.0L,MID-SIZE,2.0,4,AS10,X,9.2,5.0,7.8,36,190
Honda,Honda COMPACT 3.6L,COMPACT,3.6,6,AS6,X,15.7,6.4,12.6,22,289
Honda,Honda VAN 4.0L,VAN - PASSENGER,4.0,8,A6,X,15.4,10.9,13.9,20,329
GMC,GMC PICKUP 3.5L,PICKUP TRUCK - STANDARD,3.5,6,AM7,E,20.5,10.9,17.3,16,285
Chevrolet,Chevrolet SUV 5.3L,SUV - STANDARD,5.3,8,AM7,X,19.2,7.8,15.4,18,363
Toyota,Toyota VAN 2.0L,VAN - PASSENGER,2.0,4,AS10,D,9.5,6.5,8.5,33,229
Chevrolet,Chevrolet SUV 6.2L,SUV - STANDARD,6.2,8,M5,X,22.2,9.0,17.8,16,417
Smart,Smart TWO-SEATER 1.0L,TWO-SEATER,1.0,3,AS6,X,5.6,3.8,5.0,56,117
Porsche,Porsche PICKUP 2.4L,PICKUP TRUCK - SMALL,2.4,4,AM7,Z,11.5,7.3,10.1,28,235
Ford,Ford SUV 2.7L,SUV - STANDARD,2.7,6,AS6,D,10.9,7.6,9.8,29,267
Volkswagen,Volkswagen MINICOMPACT 2.0L,MINICOMPACT,2.0,4,A9,E,13.9,9.1,12.3,23,201
Subaru,Subaru MINIVAN 3.5L,MINIVAN,3.5,6,AS6,E,22.6,9.4,18.2,16,302
Chevrolet,Chevrolet SUV 2.0L,SUV - SMALL,2.0,3,AS8,X,10.2,5.1,8.5,33,199
Audi,Audi FULL-SIZE 5.0L,FULL-SIZE,5.0,8,AM7,Z,19.6,10.9,16.7,17,388
Lexus,Lexus TWO-SEATER 4.0L,TWO-SEATER,4.0,8,AM7,E,21.9,14.1,19.3,15,315
Ford,Ford MINIVAN 2.4L,MINIVAN,2.4,4,AS10,X,10.5,6.0,9.0,31,207
Honda,Honda MINICOMPACT 1.5L,MINICOMPACT,1.5,4,M6,E,12.6,5.1,10.1,28,163
BMW,BMW MINIVAN 3.0L,MINIVAN,3.0,6,AV,X,14.1,6.3,11.5,25,274
Subaru,Subaru SUBCOMPACT 3.5L,SUBCOMPACT,3.5,6,A9,X,13.3,7.9,11.5,25,270
Ram,Ram SUBCOMPACT 3.5L,SUBCOMPACT,3.5,6,A6,Z,15.0,8.7,12.9,22,303
Porsche,Porsche SUBCOMPACT 2.4L,SUBCOMPACT,2.4,4,AS10,Z,10.9,5.8,9.2,31,209
Toyota,Toyota VAN 5.0L,VAN - PASSENGER,5.0,8,AS8,X,18.7,12.7,16.7,17,395
Dodge,Dodge PICKUP 3.6L,PICKUP TRUCK - SMALL,3.6,6,AS8,Z,16.4,9.8,14.2,20,334
GMC,GMC VAN 1.5L,VAN - CARGO,1.5,4,M5,N,10.8,4.8,8.8,32,160
BMW,BMW SUV 2.5L,SUV - STANDARD,2.5,4,AM7,E,15.8,9.8,13.8,20,230
Jeep,Jeep STATION 2.5L,STATION WAGON - SMALL,2.5,4,AM7,Z,10.8,6.3,9.3,30,217
Ford,Ford MID-SIZE 2.4L,MID-SIZE,2.4,4,A8,X,10.9,7.3,9.7,29,226
Nissan,Nissan MINICOMPACT 2.5L,MINICOMPACT,2.5,4,M5,X,10.6,7.3,9.5,30,220
Chevrolet,Chevrolet PICKUP 1.5L,PICKUP TRUCK - STANDARD,1.5,4,A9,Z,11.8,5.2,9.6,29,226
Ford,Ford TWO-SEATER 2.4L,TWO-SEATER,2.4,4,AM7,E,15.0,8.7,12.9,22,210
Ford,Ford STATION 2.5L,STATION WAGON - SMALL,2.5,4,M5,E,15.8,8.0,13.2,21,222
Honda,Honda TWO-SEATER 4.0L,TWO-SEATER,4.0,8,AS8,Z,16.4,9.5,14.1,20,327
BMW,BMW VAN 1.8L,VAN - CARGO,1.8,4,AV,X,10.3,7.3,9.3,30,219
Volkswagen,Volkswagen MINICOMPACT 1.8L,MINICOMPACT,1.8,4,A6,E,12.3,7.8,10.8,26,168
Ford,Ford PICKUP 6.2L,PICKUP TRUCK - STANDARD,6.2,8,M6,X,22.6,9.7,18.3,15,433
BMW,BMW PICKUP 5.0L,PICKUP TRUCK - SMALL,5.0,8,AM7,X,20.4,11.4,17.4,16,416
Audi,Audi SUBCOMPACT 3.6L,SUBCOMPACT,3.6,6,AS6,E,18.8,12.2,16.6,17,277
Jeep,Jeep VAN 2.0L,VAN - PASSENGER,2.0,4,A8,Z,10.9,4.6,8.8,32,196
BMW,BMW STATION 5.0L,STATION WAGON - SMALL,5.0,8,M6,E,24.3,17.4,22.0,13,359
Nissan,Nissan STATION 2.0L,STATION WAGON - SMALL,2.0,4,A6,Z,10.6,5.2,8.8,32,205
Dodge,Dodge SUV 2.0L,SUV - STANDARD,2.0,4,AS6,N,10.9,6.7,9.5,30,164
Nissan,Nissan PICKUP 3.0L,PICKUP TRUCK - STANDARD,3.0,6,A8,X,13.8,6.3,11.3,25,266
Chevrolet,Chevrolet FULL-SIZE 5.0L,FULL-SIZE,5.0,8,M6,Z,18.7,11.2,16.2,17,371
Ford,Ford PICKUP 6.2L,PICKUP TRUCK - STANDARD,6.2,8,AM7,X,21.0,10.8,17.6,16,416
Dodge,Dodge SUBCOMPACT 1.8L,SUBCOMPACT,1.8,4,M6,Z,10.8,5.4,9.0,31,216
Ford,Ford PICKUP 2.7L,PICKUP TRUCK - STANDARD,2.7,6,A8,X,13.2,5.7,10.7,26,246
Dodge,Dodge SUV 2.0L,SUV - STANDARD,2.0,4,M5,X,10.2,4.8,8.4,34,195
Toyota,Toyota SUV 3.6L,SUV - STANDARD,3.6,6,A6,X,12.3,8.4,11.0,26,254
Subaru,Subaru VAN 2.5L,VAN - PASSENGER,2.5,4,A8,X,12.4,7.0,10.6,27,252
Jeep,Jeep COMPACT 4.0L,COMPACT,4.0,8,AM7,Z,18.9,8.4,15.4,18,359
Smart,Smart TWO-SEATER 1.0L,TWO-SEATER,1.0,3,AV,X,7.4,4.4,6.4,44,153
BMW,BMW FULL-SIZE 4.0L,FULL-SIZE,4.0,8,AM7,Z,16.6,10.6,14.6,19,346
Hyundai,Hyundai SUBCOMPACT 3.0L,SUBCOMPACT,3.0,6,AM7,Z,13.1,8.3,11.5,25,269
Mercedes-Benz,Mercedes-Benz PICKUP 3.5L,PICKUP TRUCK - SMALL,3.5,6,A6,Z,14.0,9.5,12.5,23,299
Toyota,Toyota VAN 3.6L,VAN - CARGO,3.6,6,M5,X,13.8,9.3,12.3,23,293
Nissan,Nissan PICKUP 2.0L,PICKUP TRUCK - STANDARD,2.0,4,M6,Z,10.7,6.5,9.3,30,218
Dodge,Dodge STATION 1.5L,STATION WAGON - SMALL,1.5,4,AS8,Z,7.0,4.6,6.2,46,146
Bugatti,Bugatti TWO-SEATER 6.0L,TWO-SEATER,6.0,12,AS10,Z,23.8,12.7,20.1,14,471
Hyundai,Hyundai TWO-SEATER 3.6L,TWO-SEATER,3.6,6,AM7,X,14.4,7.2,12.0,24,282
Mercedes-Benz,Mercedes-Benz PICKUP 3.5L,PICKUP TRUCK - STANDARD,3.5,6,AS6,Z,15.5,7.4,12.8,22,300
Mercedes-Benz,Mercedes-Benz COMPACT 3.5L,COMPACT,3.5,6,AS10,X,15.1,9.1,13.1,22,303
Volkswagen,Volkswagen TWO-SEATER 3.0L,TWO-SEATER,3.0,6,M6,X,14.8,8.2,12.6,22,294
Chevrolet,Chevrolet PICKUP 5.3L,PICKUP TRUCK - STANDARD,5.3,8,AM7,E,27.6,12.3,22.5,13,369
Ford,Ford MID-SIZE 4.0L,MID-SIZE,4.0,8,A8,X,17.9,7.1,14.3,20,331
BMW,BMW STATION 2.5L,STATION WAGON - SMALL,2.5,4,AV,E,15.5,6.5,12.5,23,206
BMW,BMW PICKUP 3.6L,PICKUP TRUCK - STANDARD,3.6,6,A9,X,14.3,6.5,11.7,24,274
BMW,BMW VAN 3.0L,VAN - PASSENGER,3.0,6,AM7,X,15.0,7.5,12.5,23,286
Chevrolet,Chevrolet VAN 2.0L,VAN - PASSENGER,2.0,4,AM7,Z,10.6,7.0,9.4,30,224
Ford,Ford SUV 5.3L,SUV - STANDARD,5.3,8,M5,X,17.0,12.2,15.4,18,365
Ford,Ford SUV 4.0L,SUV - STANDARD,4.0,8,AS8,X,16.7,7.4,13.6,21,318
Smart,Smart TWO-SEATER 1.0L,TWO-SEATER,1.0,3,A6,X,7.4,5.3,6.7,42,168
Mercedes-Benz,Mercedes-Benz PICKUP 1.5L,PICKUP TRUCK - STANDARD,1.5,3,A8,X,9.2,4.4,7.6,37,179
Mercedes-Benz,Mercedes-Benz VAN 2.0L,VAN - CARGO,2.0,4,AS10,Z,9.4,6.7,8.5,33,198
Honda,Honda STATION 3.0L,STATION WAGON - SMALL,3.0,6,AS6,X,14.5,8.2,12.4,23,292
Chevrolet,Chevrolet VAN 2.7L,VAN - PASSENGER,2.7,6,A9,E,17.5,9.1,14.7,19,244
Porsche,Porsche VAN 3.5L,VAN - CARGO,3.5,6,A6,X,14.0,8.0,12.0,24,281
Hyundai,Hyundai MID-SIZE 3.5L,MID-SIZE,3.5,6,AV,X,15.0,10.5,13.5,21,322
Ford,Ford SUV 2.7L,SUV - STANDARD,2.7,6,AS8,E,19.2,8.1,15.5,18,255
Mercedes-Benz,Mercedes-Benz MINIVAN 3.6L,MINIVAN,3.6,6,AV,E,18.7,10.9,16.1,18,267
Dodge,Dodge TWO-SEATER 3.5L,TWO-SEATER,3.5,6,AV,Z,14.8,7.6,12.4,23,287
Porsche,Porsche MID-SIZE 2.5L,MID-SIZE,2.5,4,AV,X,11.6,6.5,9.9,29,226
Toyota,Toyota SUBCOMPACT 5.0L,SUBCOMPACT,5.0,8,AS6,Z,21.1,11.2,17.8,16,421
Nissan,Nissan SUV 3.5L,SUV - SMALL,3.5,6,AS6,Z,13.7,9.2,12.2,23,284
Chevrolet,Chevrolet SUV 5.0L,SUV - STANDARD,5.0,8,AS10,X,20.1,10.2,16.8,17,392
Smart,Smart TWO-SEATER 1.0L,TWO-SEATER,1.0,3,M5,X,7.8,3.9,6.5,43,153
Chevrolet,Chevrolet COMPACT 1.8L,COMPACT,1.8,4,M6,X,10.6,5.5,8.9,32,217
Porsche,Porsche SUBCOMPACT 2.5L,SUBCOMPACT,2.5,4,AS10,Z,12.4,6.1,10.3,27,246
Nissan,Nissan MID-SIZE 4.0L,MID-SIZE,4.0,8,AS6,Z,16.0,10.9,14.3,20,335
Nissan,Nissan VAN 1.5L,VAN - CARGO,1.5,4,M6,Z,9.4,4.0,7.6,37,182
Toyota,Toyota SUV 3.5L,SUV - STANDARD,3.5,6,M5,X,15.3,6.9,12.5,23,298
Chevrolet,Chevrolet MID-SIZE 3.5L,MID-SIZE,3.5,6,M5,X,15.3,8.7,13.1,22,306
Chevrolet,Chevrolet PICKUP 6.2L,PICKUP TRUCK - STANDARD,6.2,8,M5,E,27.3,15.9,23.5,12,381
Chevrolet,Chevrolet SUV 6.2L,SUV - STANDARD,6.2,8,AS8,X,21.9,9.9,17.9,16,419
Chevrolet,Chevrolet PICKUP 2.7L,PICKUP TRUCK - STANDARD,2.7,6,AV,E,17.0,8.9,14.3,20,240
Hyundai,Hyundai TWO-SEATER 2.5L,TWO-SEATER,2.5,4,AS10,Z,10.9,6.1,9.3,30,218
BMW,BMW MID-SIZE 4.0L,MID-SIZE,4.0,8,AM7,X,17.8,7.9,14.5,19,338
Ford,Ford VAN 5.0L,VAN - PASSENGER,5.0,8,AS6,X,18.4,10.3,15.7,18,365
Ram,Ram MINIVAN 1.5L,MINIVAN,1.5,4,AV,X,8.1,5.7,7.3,39,180
Dodge,Dodge STATION 3.0L,STATION WAGON - SMALL,3.0,6,AM7,Z,13.2,9.3,11.9,24,282
Subaru,Subaru FULL-SIZE 3.5L,FULL-SIZE,3.5,6,AS10,X,13.2,9.0,11.8,24,278
Smart,Smart TWO-SEATER 1.0L,TWO-SEATER,1.0,3,A6,X,7.2,4.8,6.4,44,148
Chevrolet,Chevrolet PICKUP 5.3L,PICKUP TRUCK - STANDARD,5.3,8,A6,E,26.1,16.8,23.0,12,382
Mercedes-Benz,Mercedes-Benz TWO-SEATER 1.5L,TWO-SEATER,1.5,4,M6,Z,10.0,6.4,8.8,32,215
Hyundai,Hyundai SUV 1.5L,SUV - SMALL,1.5,4,M5,E,14.6,6.2,11.8,24,198
Honda,Honda SUBCOMPACT 1.5L,SUBCOMPACT,1.5,4,AS8,Z,10.6,4.9,8.7,32,198
Chevrolet,Chevrolet VAN 5.3L,VAN - PASSENGER,5.3,8,M5,X,20.6,11.9,17.7,16,416
Jeep,Jeep SUBCOMPACT 4.0L,SUBCOMPACT,4.0,8,A8,X,16.6,8.5,13.9,20,329
Chevrolet,Chevrolet PICKUP 5.0L,PICKUP TRUCK - STANDARD,5.0,8,M5,X,17.8,11.5,15.7,18,365
Chevrolet,Chevrolet SUV 6.2L,SUV - STANDARD,6.2,8,AS10,D,17.7,11.1,15.5,18,409
Audi,Audi SUV 3.6L,SUV - SMALL,3.6,6,AS8,X,14.5,10.3,13.1,22,306
Nissan,Nissan COMPACT 1.5L,COMPACT,1.5,4,M6,Z,9.8,5.0,8.2,34,191
Audi,Audi VAN 4.0L,VAN - CARGO,4.0,8,AM7,N,16.8,9.0,14.2,20,261
Ford,Ford SUV 2.7L,SUV - STANDARD,2.7,6,AS10,X,14.3,5.9,11.5,25,278
Dodge,Dodge SUV 3.5L,SUV - STANDARD,3.5,6,M6,Z,14.9,7.4,12.4,23,290
Chevrolet,Chevrolet SUV 3.5L,SUV - STANDARD,3.5,6,A9,D,13.1,8.0,11.4,25,312
Ford,Ford SUV 6.2L,SUV - STANDARD,6.2,8,M5,X,21.4,13.6,18.8,15,452
Dodge,Dodge PICKUP 3.0L,PICKUP TRUCK - SMALL,3.0,6,AV,E,16.4,11.3,14.7,19,241
Porsche,Porsche VAN 2.0L,VAN - PASSENGER,2.0,4,M6,X,9.3,6.6,8.4,34,203
Dodge,Dodge VAN 2.5L,VAN - PASSENGER,2.5,4,AV,X,12.2,6.8,10.4,27,249
Jeep,Jeep MINIVAN 1.8L,MINIVAN,1.8,4,AM7,Z,11.3,6.5,9.7,29,228
Honda,Honda VAN 3.5L,VAN - PASSENGER,3.5,6,M6,X,15.1,6.1,12.1,23,289
Audi,Audi FULL-SIZE 3.6L,FULL-SIZE,3.6,6,M6,X,14.7,6.9,12.1,23,282
Ford,Ford PICKUP 5.3L,PICKUP TRUCK - STANDARD,5.3,8,A8,X,20.2,10.0,16.8,17,387
Mercedes-Benz,Mercedes-Benz VAN 3.5L,VAN - CARGO,3.5,6,A9,Z,15.0,9.3,13.1,22,308
Mercedes-Benz,Mercedes-Benz FULL-SIZE 2.4L,FULL-SIZE,2.4,4,AS8,E,14.5,10.0,13.0,22,215
Chevrolet,Chevrolet PICKUP 5.0L,PICKUP TRUCK - STANDARD,5.0,8,AS10,X,18.0,9.9,15.3,18,358
Volkswagen,Volkswagen FULL-SIZE 1.8L,FULL-SIZE,1.8,4,AV,E,13.4,7.4,11.4,25,186
Toyota,Toyota TWO-SEATER 3.6L,TWO-SEATER,3.6,6,M5,Z,16.1,9.5,13.9,20,327
Ford,Ford FULL-SIZE 2.5L,FULL-SIZE,2.5,4,AS6,Z,12.0,8.4,10.8,26,246
Chevrolet,Chevrolet VAN 2.7L,VAN - PASSENGER,2.7,6,AS8,X,13.4,6.8,11.2,25,262
Honda,Honda FULL-SIZE 1.8L,FULL-SIZE,1.8,4,AV,E,14.0,5.9,11.3,25,188
Ford,Ford MINIVAN 1.5L,MINIVAN,1.5,4,AM7,X,10.3,4.3,8.3,34,190
GMC,GMC TWO-SEATER 2.4L,TWO-SEATER,2.4,4,A9,Z,9.9,6.3,8.7,32,202
Toyota,Toyota SUV 2.4L,SUV - SMALL,2.4,4,AV,X,11.4,7.5,10.1,28,236
Toyota,Toyota STATION 2.5L,STATION WAGON - SMALL,2.5,4,AV,Z,12.5,6.8,10.6,27,252
Nissan,Nissan SUBCOMPACT 2.0L,SUBCOMPACT,2.0,4,M6,X,10.5,6.6,9.2,31,218
Jeep,Jeep VAN 5.0L,VAN - PASSENGER,5.0,8,AS10,Z,20.0,10.7,16.9,17,403
BMW,BMW MID-SIZE 2.0L,MID-SIZE,2.0,4,AS6,X,10.4,7.4,9.4,30,227
Honda,Honda TWO-SEATER 3.5L,TWO-SEATER,3.5,6,M5,Z,15.2,8.0,12.8,22,300
Audi,Audi MINICOMPACT 3.5L,MINICOMPACT,3.5,6,AV,Z,16.2,8.7,13.7,21,319
Chevrolet,Chevrolet COMPACT 3.5L,COMPACT,3.5,6,M6,Z,13.5,9.0,12.0,24,284
Dodge,Dodge VAN 3.0L,VAN - CARGO,3.0,6,AM7,X,13.0,9.1,11.7,24,273
Jeep,Jeep MINICOMPACT 3.0L,MINICOMPACT,3.0,6,AS6,X,12.9,9.0,11.6,24,269
Honda,Honda VAN 2.0L,VAN - CARGO,2.0,4,A6,Z,11.2,5.8,9.4,30,224
GMC,GMC PICKUP 6.2L,PICKUP TRUCK - STANDARD,6.2,8,AM7,E,30.0,13.5,24.5,12,409
Dodge,Dodge PICKUP 1.8L,PICKUP TRUCK - SMALL,1.8,4,AV,Z,10.0,4.9,8.3,34,191
Volkswagen,Volkswagen FULL-SIZE 3.0L,FULL-SIZE,3.0,6,AV,Z,13.9,8.2,12.0,24,280
GMC,GMC PICKUP 5.0L,PICKUP TRUCK - STANDARD,5.0,8,A8,X,18.0,10.2,15.4,18,357
Honda,Honda FULL-SIZE 3.6L,FULL-SIZE,3.6,6,AS10,X,14.3,8.6,12.4,23,294
Honda,Honda PICKUP 2.5L,PICKUP TRUCK - SMALL,2.5,4,A8,Z,12.5,5.6,10.2,28,247
Nissan,Nissan VAN 4.0L,VAN - CARGO,4.0,8,AS8,E,22.7,14.0,19.8,14,325
Hyundai,Hyundai TWO-SEATER 2.5L,TWO-SEATER,2.5,4,AS6,X,10.7,7.4,9.6,29,228
Chevrolet,Chevrolet VAN 3.6L,VAN - PASSENGER,3.6,6,M6,Z,16.8,10.5,14.7,19,346
Dodge,Dodge MINIVAN 2.5L,MINIVAN,2.5,4,AM7,X,10.0,7.0,9.0,31,213
Dodge,Dodge SUBCOMPACT 3.0L,SUBCOMPACT,3.0,6,A8,Z,14.2,9.4,12.6,22,296
Ford,Ford SUBCOMPACT 1.5L,SUBCOMPACT,1.5,4,A8,X,9.7,6.4,8.6,33,208
Jeep,Jeep MINIVAN 5.0L,MINIVAN,5.0,8,AS6,Z,19.4,10.7,16.5,17,385
Ford,Ford SUV 3.5L,SUV - STANDARD,3.5,6,A8,X,15.2,8.9,13.1,22,306
BMW,BMW VAN 2.0L,VAN - CARGO,2.0,4,A6,Z,10.8,5.1,8.9,32,205
Volkswagen,Volkswagen SUBCOMPACT 1.8L,SUBCOMPACT,1.8,3,AV,X,9.9,6.9,8.9,32,208
Chevrolet,Chevrolet SUV 3.5L,SUV - STANDARD,3.5,6,A8,X,14.7,9.3,12.9,22,298
Jeep,Jeep SUBCOMPACT 5.0L,SUBCOMPACT,5.0,8,M5,Z,19.8,11.7,17.1,17,410
GMC,GMC SUV 1.5L,SUV - STANDARD,1.5,4,A8,Z,10.1,6.2,8.8,32,203
Toyota,Toyota MID-SIZE 5.0L,MID-SIZE,5.0,8,M5,X,16.6,12.1,15.1,19,351
Ford,Ford FULL-SIZE 5.0L,FULL-SIZE,5.0,8,AV,X,20.4,10.2,17.0,17,398
BMW,BMW MID-SIZE 1.8L,MID-SIZE,1.8,4,A6,X,9.8,5.9,8.5,33,190
Nissan,Nissan PICKUP 3.6L,PICKUP TRUCK - SMALL,3.6,6,A9,X,15.4,10.0,13.6,21,320
Bugatti,Bugatti TWO-SEATER 6.5L,TWO-SEATER,6.5,12,A9,Z,25.8,14.4,22.0,13,519
Nissan,Nissan PICKUP 5.0L,PICKUP TRUCK - STANDARD,5.0,8,AS6,Z,18.1,10.3,15.5,18,361
Chevrolet,Chevrolet PICKUP 3.3L,PICKUP TRUCK - STANDARD,3.3,6,AV,E,18.0,10.2,15.4,18,252
Nissan,Nissan MINIVAN 4.0L,MINIVAN,4.0,8,M6,X,16.0,10.3,14.1,20,337
Audi,Audi MINIVAN 2.4L,MINIVAN,2.4,4,AM7,D,9.3,3.9,7.5,38,205
Hyundai,Hyundai COMPACT 5.0L,COMPACT,5.0,8,AV,Z,18.6,13.5,16.9,17,396
Ford,Ford SUV 2.7L,SUV - STANDARD,2.7,6,A6,X,14.6,6.8,12.0,24,278
Hyundai,Hyundai MINIVAN 1.5L,MINIVAN,1.5,4,A6,X,9.8,5.6,8.4,34,197
Audi,Audi TWO-SEATER 2.5L,TWO-SEATER,2.5,4,M5,Z,11.8,7.0,10.2,28,241
Ram,Ram PICKUP 3.5L,PICKUP TRUCK - STANDARD,3.5,6,AS6,X,15.7,7.3,12.9,22,299
BMW,BMW COMPACT 2.0L,COMPACT,2.0,4,M5,X,8.9,5.9,7.9,36,179
Nissan,Nissan SUV 3.5L,SUV - STANDARD,3.5,6,A6,X,15.2,6.5,12.3,23,290
Subaru,Subaru MID-SIZE 2.0L,MID-SIZE,2.0,4,M6,X,10.4,6.5,9.1,31,211
Ford,Ford VAN 3.3L,VAN - PASSENGER,3.3,6,AS8,D,12.8,5.9,10.5,27,288
Subaru,Subaru SUV 1.5L,SUV - STANDARD,1.5,4,AV,Z,9.4,6.4,8.4,34,202
Honda,Honda MINICOMPACT 3.0L,MINICOMPACT,3.0,6,AS10,Z,13.3,9.7,12.1,23,280
Ford,Ford PICKUP 5.0L,PICKUP TRUCK - STANDARD,5.0,8,M5,E,25.0,16.9,22.3,13,372
BMW,BMW VAN 5.0L,VAN - PASSENGER,5.0,8,A9,Z,19.0,10.9,16.3,17,384
Volkswagen,Volkswagen VAN 2.0L,VAN - CARGO,2.0,4,M6,Z,11.4,8.1,10.3,27,246
Ford,Ford FULL-SIZE 3.6L,FULL-SIZE,3.6,6,A9,X,15.0,9.0,13.0,22,309
Audi,Audi PICKUP 4.0L,PICKUP TRUCK - STANDARD,4.0,8,A8,Z,18.2,8.6,15.0,19,349
BMW,BMW FULL-SIZE 2.4L,FULL-SIZE,2.4,4,M5,X,10.9,7.9,9.9,29,233
Nissan,Nissan VAN 4.0L,VAN - PASSENGER,4.0,8,A8,Z,17.4,12.3,15.7,18,367
Ford,Ford SUV 3.5L,SUV - STANDARD,3.5,6,A8,E,20.4,9.3,16.7,17,271
Dodge,Dodge PICKUP 1.8L,PICKUP TRUCK - STANDARD,1.8,4,AS8,X,9.4,4.6,7.8,36,177
Ram,Ram SUV 5.0L,SUV - STANDARD,5.0,8,AS8,E,23.8,17.2,21.6,13,357
Ram,Ram MINIVAN 2.4L,MINIVAN,2.4,4,A9,Z,14.5,6.1,11.7,24,277
Volkswagen,Volkswagen SUBCOMPACT 4.0L,SUBCOMPACT,4.0,8,AS8,X,18.4,7.6,14.8,19,345
Ford,Ford PICKUP 2.7L,PICKUP TRUCK - STANDARD,2.7,6,A6,E,16.9,12.1,15.3,18,246
